Shimmer_86BB_TimestampSync_Unix_CAL,Shimmer_86BB_GSR_Range_LPF_CAL,Shimmer_86BB_GSR_Skin_Conductance_LPF_CAL,Shimmer_86BB_GSR_Skin_Resistance_LPF_CAL,Shimmer_86BB_PPG_A13_LPF_CAL,Shimmer_86BB_PPG_IBI_LPF_CAL,Shimmer_86BB_PPGtoHR_LPF_CAL
1.71E+12,3,0.860694861,1161.851947,2930.40293,-1,106.6666667
1.71E+12,3,0.860694861,1161.851947,2930.40293,-1,106.6666667
1.71E+12,3,0.86069486,1161.851948,2930.402931,-1,106.6666667
1.71E+12,3,0.860694856,1161.851953,2930.402932,-1,106.6666667
1.71E+12,3,0.860694847,1161.851966,2930.402933,-1,106.6666667
1.71E+12,3,0.860694827,1161.851993,2930.402936,-1,106.6666667
1.71E+12,3,0.860694793,1161.852039,2930.402941,-1,106.6666667
1.71E+12,3,0.86069474,1161.852111,2930.402951,-1,106.6666667
1.71E+12,3,0.86069466,1161.85222,2930.402965,-1,106.6666667
1.71E+12,3,0.860694546,1161.852374,2930.402984,-1,106.6666667
1.71E+12,3,0.860694391,1161.852585,2930.403009,-1,106.6666667
1.71E+12,3,0.860694185,1161.852865,2930.403042,-1,106.6666667
1.71E+12,3,0.860693917,1161.853228,2930.403085,-1,106.6666667
1.71E+12,3,0.860693577,1161.85369,2930.403138,-1,106.6666667
1.71E+12,3,0.860693151,1161.85427,2930.403201,-1,106.6666667
1.71E+12,3,0.860692629,1161.85498,2930.403278,-1,106.6666667
1.71E+12,3,0.860692003,1161.855831,2930.403369,-1,106.6666667
1.71E+12,3,0.860691268,1161.856831,2930.403477,-1,106.6666329
1.71E+12,3,0.860690417,1161.857987,2930.403602,-1,106.6664923
1.71E+12,3,0.860689449,1161.859305,2930.403746,-1,106.6661635
1.71E+12,3,0.860688363,1161.860783,2930.403912,-1,106.6655564
1.71E+12,3,0.860687163,1161.862417,2930.404102,-1,106.6645715
1.71E+12,3,0.860685853,1161.864204,2930.404318,-1,106.6630995
1.71E+12,3,0.860684434,1161.86614,2930.404562,-1,106.6610206
1.71E+12,3,0.860682908,1161.868225,2930.404837,-1,106.6582042
1.71E+12,3,0.860681273,1161.870462,2930.405144,-1,106.6545077
1.71E+12,3,0.860679521,1161.872861,2930.405486,-1,106.6497767
1.71E+12,3,0.860677639,1161.87544,2930.405866,-1,106.6438434
1.71E+12,3,0.860675609,1161.878225,2930.406289,-1,106.6365265
1.71E+12,3,0.860673408,1161.881247,2930.406757,-1,106.6276304
1.71E+12,3,0.860671012,1161.884541,2930.407275,-1,106.6169444
1.71E+12,3,0.860668393,1161.888146,2930.407844,-1,106.604242
1.71E+12,3,0.860665522,1161.892104,2930.408469,-1,106.5892802
1.71E+12,3,0.860662365,1161.896459,2930.409151,-1,106.5717992
1.71E+12,3,0.86065889,1161.901258,2930.409896,-1,106.551521
1.71E+12,3,0.860655061,1161.906552,2930.410709,-1,106.5281498
1.71E+12,3,0.860650839,1161.912395,2930.411592,-1,106.5013704
1.71E+12,3,0.860646184,1161.918843,2930.412551,-1,106.4708486
1.71E+12,3,0.860641053,1161.925956,2930.413587,-1,106.4362301
1.71E+12,3,0.860635401,1161.933799,2930.414706,-1,106.3971405
1.71E+12,3,0.860629179,1161.942439,2930.415911,-1,106.3531847
1.71E+12,3,0.860622337,1161.951946,2930.417207,-1,106.3039471
1.71E+12,3,0.86061482,1161.962399,2930.418598,-1,106.2489908
1.71E+12,3,0.86060657,1161.973877,2930.420088,-1,106.1878582
1.71E+12,3,0.860597526,1161.986469,2930.421681,-1,106.1200708
1.71E+12,3,0.860587623,1162.000264,2930.423382,-1,106.045129
1.71E+12,3,0.860576792,1162.015358,2930.425195,-1,105.9625131
1.71E+12,3,0.86056496,1162.031855,2930.427122,-1,105.8716831
1.71E+12,3,0.860552045,1162.049871,2930.429169,-1,105.7720793
1.71E+12,3,0.860537954,1162.069536,2930.431338,-1,105.6631232
1.71E+12,3,0.860522591,1162.090986,2930.433635,-1,105.5442179
1.71E+12,3,0.86050586,1162.114359,2930.436063,-1,105.4147492
1.71E+12,3,0.860487662,1162.139788,2930.438626,-1,105.2740867
1.71E+12,3,0.860467905,1162.167408,2930.441328,-1,105.1215846
1.71E+12,3,0.860446496,1162.197348,2930.444171,-1,104.9565834
1.71E+12,3,0.860423344,1162.229736,2930.447158,-1,104.778411
1.71E+12,3,0.860398361,1162.264695,2930.450293,-1,104.5863845
1.71E+12,3,0.860371461,1162.302349,2930.453578,-1,104.3798114
1.71E+12,3,0.860342561,1162.342814,2930.457018,-1,104.1579921
1.71E+12,3,0.860311581,1162.386204,2930.460613,-1,103.9202211
1.71E+12,3,0.860278453,1162.432621,2930.464365,-1,103.6657897
1.71E+12,3,0.860243122,1162.482146,2930.468276,-1,103.3939874
1.71E+12,3,0.860205551,1162.534843,2930.472349,-1,103.104105
1.71E+12,3,0.860165716,1162.59076,2930.476586,-1,102.7954359
1.71E+12,3,0.860123605,1162.64993,2930.480986,-1,102.4672797
1.71E+12,3,0.86007922,1162.712369,2930.485549,-1,102.1189435
1.71E+12,3,0.860032577,1162.778079,2930.490278,-1,101.7497455
1.71E+12,3,0.859983708,1162.84704,2930.495172,-1,101.359017
1.71E+12,3,0.859932662,1162.919215,2930.500231,-1,100.9461052
1.71E+12,3,0.859879503,1162.994544,2930.505453,-1,100.5103762
1.71E+12,3,0.859824317,1163.072946,2930.510838,-1,100.0512171
1.71E+12,3,0.859767205,1163.154317,2930.516383,-1,99.56803948
1.71E+12,3,0.859708291,1163.23853,2930.522089,-1,99.06028175
1.71E+12,3,0.859647716,1163.325429,2930.527952,-1,98.52741188
1.71E+12,3,0.859585647,1163.414832,2930.533971,-1,97.96893021
1.71E+12,3,0.859522276,1163.506526,2930.54014,-1,97.38437207
1.71E+12,3,0.859457818,1163.600267,2930.546459,-1,96.77331042
1.71E+12,3,0.859392517,1163.695774,2930.552921,-1,96.13535839
1.71E+12,3,0.859326645,1163.792735,2930.559525,-1,95.47017173
1.71E+12,3,0.859260504,1163.890799,2930.566266,-1,94.77745121
1.71E+12,3,0.859194426,1163.989577,2930.573139,-1,94.05694488
1.71E+12,3,0.859128775,1164.088639,2930.580139,-1,93.30845025
1.71E+12,3,0.859063949,1164.187514,2930.587261,-1,92.53181626
1.71E+12,3,0.859000377,1164.28569,2930.594501,-1,91.72694518
1.71E+12,3,0.858938529,1164.382609,2930.601851,-1,90.89379439
1.71E+12,3,0.858878907,1164.477666,2930.609306,-1,90.03237784
1.71E+12,3,0.858822052,1164.570213,2930.61686,-1,89.14276751
1.71E+12,3,0.858768539,1164.659555,2930.624507,-1,88.22509461
1.71E+12,3,0.858718982,1164.744949,2930.63224,-1,87.27955054
1.71E+12,3,0.85867403,1164.82561,2930.640051,-1,86.30638774
1.71E+12,3,0.858634368,1164.900704,2930.647933,-1,85.30592028
1.71E+12,3,0.85860072,1164.969351,2930.655878,-1,84.27852424
1.71E+12,3,0.858573843,1165.030626,2930.66388,-1,83.22463789
1.71E+12,3,0.858554531,1165.083558,2930.671931,-1,82.14476162
1.71E+12,3,0.858543612,1165.127135,2930.680022,-1,81.03945767
1.71E+12,3,0.858541947,1165.1603,2930.688145,-1,79.90934962
1.71E+12,3,0.858550428,1165.181959,2930.696293,-1,78.75512166
1.71E+12,3,0.858569976,1165.190978,2930.704457,-1,77.57751759
1.71E+12,3,0.858601544,1165.186183,2930.712629,-1,76.37733968
1.71E+12,3,0.85864611,1165.166369,2930.720801,-1,75.15544721
1.71E+12,3,0.858704679,1165.130297,2930.728966,-1,73.91275487
1.71E+12,3,0.858778278,1165.076697,2930.737115,-1,72.65023086
1.71E+12,3,0.858867953,1165.004275,2930.745238,-1,71.36889485
1.71E+12,3,0.858974771,1164.911712,2930.753329,-1,70.06981574
1.71E+12,3,0.859099809,1164.797671,2930.761379,-1,68.75410912
1.71E+12,3,0.85924416,1164.660799,2930.769381,-1,67.42293468
1.71E+12,3,0.859408921,1164.499732,2930.777328,-1,66.07749338
1.71E+12,3,0.859595197,1164.313098,2930.785214,-1,64.71902442
1.71E+12,3,0.859804092,1164.099525,2930.793029,-1,63.34880207
1.71E+12,3,0.860036706,1163.85764,2930.800768,-1,61.96813246
1.71E+12,3,0.860294134,1163.58608,2930.808424,-1,60.57835006
1.71E+12,3,0.86057746,1163.283494,2930.815991,-1,59.18081419
1.71E+12,3,0.860887749,1162.948547,2930.823462,-1,57.77690537
1.71E+12,3,0.861226052,1162.579929,2930.83083,-1,56.36802155
1.71E+12,3,0.861593391,1162.176356,2930.838091,-1,54.95557436
1.71E+12,3,0.861990763,1161.736578,2930.845238,-1,53.54098522
1.71E+12,3,0.862419131,1161.259387,2930.852267,-1,52.12568145
1.71E+12,3,0.862879421,1160.743614,2930.859172,-1,50.71109231
1.71E+12,3,0.863372519,1160.188144,2930.865949,-1,49.29864512
1.71E+12,3,0.863899264,1159.591914,2930.872593,-1,47.8897613
1.71E+12,3,0.864460446,1158.953922,2930.879101,-1,46.48585247
1.71E+12,3,0.865056802,1158.273231,2930.885468,-1,45.0883166
1.71E+12,3,0.865689011,1157.548976,2930.891691,-1,43.6985342
1.71E+12,3,0.866357689,1156.780364,2930.897765,-1,42.31786459
1.71E+12,3,0.867063385,1155.966685,2930.903688,-1,40.94764225
1.71E+12,3,0.867806578,1155.107316,2930.909458,-1,39.58917328
1.71E+12,3,0.868587674,1154.201724,2930.915072,-1,38.24373198
1.71E+12,3,0.869406995,1153.24947,2930.920528,-1,36.91255755
1.71E+12,3,0.870264787,1152.250216,2930.925825,-1,35.59685093
1.71E+12,3,0.87116121,1151.203725,2930.930961,-1,34.29777181
1.71E+12,3,0.87209634,1150.109864,2930.935935,-1,33.01643581
1.71E+12,3,0.873070158,1148.968612,2930.940747,-1,31.7539118
1.71E+12,3,0.87408255,1147.780069,2930.945395,-1,30.51121945
1.71E+12,3,0.875133302,1146.544452,2930.949879,-1,29.28932699
1.71E+12,3,0.876222099,1145.262099,2930.9542,-1,28.08914908
1.71E+12,3,0.877348533,1143.933469,2930.958358,-1,26.91154501
1.71E+12,3,0.878512093,1142.559139,2930.962353,-1,25.75731704
1.71E+12,3,0.879712169,1141.139812,2930.966185,-1,24.627209
1.71E+12,3,0.880948048,1139.676313,2930.969854,-1,23.52190505
1.71E+12,3,0.882218915,1138.169594,2930.973361,-1,22.44202878
1.71E+12,3,0.883523858,1136.620725,2930.976708,-1,21.38814243
1.71E+12,3,0.884861865,1135.030897,2930.979895,-1,20.36074639
1.71E+12,3,0.886231828,1133.401419,2930.982924,-1,19.36027893
1.71E+12,3,0.887632544,1131.733716,2930.985798,-1,18.38711613
1.71E+12,3,0.889062718,1130.029326,2930.98852,-1,17.44157206
1.71E+12,3,0.890520962,1128.2899,2930.99109,-1,16.52389916
1.71E+12,3,0.892005802,1126.517195,2930.993511,-1,15.63428883
1.71E+12,3,0.893515676,1124.713074,2930.995784,-1,14.77287228
1.71E+12,3,0.895048941,1122.8795,2930.997912,-1,13.93972148
1.71E+12,3,0.896603875,1121.018534,2930.999898,-1,13.13485041
1.71E+12,3,0.898178681,1119.132326,2931.001746,-1,12.35821642
1.71E+12,3,0.899771489,1117.223115,2931.003456,-1,11.60972178
1.71E+12,3,0.901380366,1115.293221,2931.005033,-1,10.88921546
1.71E+12,3,0.903003313,1113.34504,2931.006478,-1,10.19649494
1.71E+12,3,0.904638278,1111.381037,2931.007794,-1,9.531308277
1.71E+12,3,0.906283153,1109.403743,2931.008985,-1,8.893356242
1.71E+12,3,0.907935784,1107.415744,2931.010054,-1,8.282294595
1.71E+12,3,0.909593979,1105.419677,2931.011004,-1,7.697736458
1.71E+12,3,0.911255506,1103.418225,2931.011838,-1,7.139254786
1.71E+12,3,0.912918101,1101.414108,2931.012558,-1,6.606384918
1.71E+12,3,0.914579477,1099.41008,2931.013169,-1,6.098627187
1.71E+12,3,0.916237323,1097.40892,2931.013673,-1,5.615449595
1.71E+12,3,0.917889319,1095.41342,2931.014074,-1,5.156290513
1.71E+12,3,0.919533135,1093.426383,2931.014373,-1,4.720561421
1.71E+12,3,0.921166444,1091.450612,2931.014574,-1,4.307649653
1.71E+12,3,0.922786923,1089.488902,2931.014682,-1,3.91692114
1.71E+12,3,0.924392261,1087.544036,2931.0147,-1,3.547723153
1.71E+12,3,0.925980166,1085.618773,2931.01463,-1,3.199387004
1.71E+12,3,0.927548369,1083.715844,2931.014474,-1,2.871230728
1.71E+12,3,0.929094633,1081.837944,2931.014237,-1,2.562561705
1.71E+12,3,0.930616757,1079.987724,2931.013923,-1,2.272679226
1.71E+12,3,0.93211258,1078.167784,2931.013534,-1,2.000876997
1.71E+12,3,0.93357999,1076.380669,2931.013074,-1,1.746445557
1.71E+12,3,0.935016927,1074.628857,2931.012545,-1,1.508674613
1.71E+12,3,0.936421392,1072.914759,2931.011952,-1,1.286855278
1.71E+12,3,0.937791445,1071.240708,2931.011297,-1,1.080282207
1.71E+12,3,0.939125219,1069.608956,2931.010585,-1,0.888255629
1.71E+12,3,0.940420915,1068.021666,2931.009817,-1,0.710083254
1.71E+12,3,0.941676814,1066.480912,2931.008998,-1,0.545082067
1.71E+12,3,0.942891277,1064.988665,2931.00813,-1,0.392580001
1.71E+12,3,0.944062752,1063.546799,2931.007218,-1,0.251917475
1.71E+12,3,0.945189773,1062.157078,2931.006267,-1,0.122448805
1.71E+12,3,0.946270967,1060.821158,2931.005278,-1,0.00354349
1.71E+12,3,0.947305057,1059.540579,2931.004255,-1,-0.105412645
1.71E+12,3,0.948290863,1058.316765,2931.003202,-1,-0.205016429
1.71E+12,3,0.949227302,1057.151022,2931.002123,-1,-0.295846458
1.71E+12,3,0.950113397,1056.044533,2931.001023,-1,-0.378462345
1.71E+12,3,0.95094827,1054.998357,2930.999903,-1,-0.453404084
1.71E+12,3,0.951731152,1054.013429,2930.998767,-1,-0.521191553
1.71E+12,3,0.952461376,1053.090557,2930.99762,-1,-0.582324126
1.71E+12,3,0.953138382,1052.230424,2930.996466,-1,-0.637280406
1.71E+12,3,0.953761716,1051.433584,2930.995309,-1,-0.686518072
1.71E+12,3,0.954331032,1050.700466,2930.994151,-1,-0.730473828
1.71E+12,3,0.954846088,1050.031371,2930.992997,-1,-0.769563454
1.71E+12,3,0.955306749,1049.426476,2930.991851,-1,-0.804181949
1.71E+12,3,0.955712983,1048.885833,2930.990717,-1,-0.834703766
1.71E+12,3,0.95606486,1048.409373,2930.989599,-1,-0.861483121
1.71E+12,3,0.956362555,1047.996905,2930.988501,-1,-0.884854379
1.71E+12,3,0.956606339,1047.64812,2930.987425,-1,-0.905132506
1.71E+12,3,0.956796581,1047.362597,2930.986377,-1,-0.922613573
1.71E+12,3,0.956933745,1047.139798,2930.985357,-1,-0.93757532
1.71E+12,3,0.957018389,1046.979079,2930.984371,-1,-0.950277752
1.71E+12,3,0.957051159,1046.879688,2930.983421,-1,-0.960963775
1.71E+12,3,0.957032788,1046.84077,2930.982512,-1,-0.969859861
1.71E+12,3,0.956964096,1046.861371,2930.981646,-1,-0.977176727
1.71E+12,3,0.95684598,1046.940442,2930.980824,-1,-0.983110033
1.71E+12,3,0.956679413,1047.076847,2930.98005,-1,-0.987841078
1.71E+12,3,0.956465443,1047.269363,2930.979325,-1,-0.9915375
1.71E+12,3,0.956205185,1047.516685,2930.978654,-1,-0.994353964
1.71E+12,3,0.955899817,1047.817436,2930.978039,-1,-0.996432841
1.71E+12,3,0.955550581,1048.170167,2930.977481,-1,-0.997904863
1.71E+12,3,0.955158771,1048.573361,2930.976984,-1,-0.998889756
1.71E+12,3,0.954725736,1049.025446,2930.976548,-1,-0.999496839
1.71E+12,3,0.954252873,1049.524788,2930.976179,-1,-0.999825593
1.71E+12,3,0.953741621,1050.069705,2930.975877,-1,-0.999966194
1.71E+12,3,0.953193454,1050.658477,2930.975646,-1,-1
1.71E+12,3,0.952609881,1051.289344,2930.975485,-1,-1
1.71E+12,3,0.951992437,1051.960515,2930.975397,-1,-1
1.71E+12,3,0.951342686,1052.670166,2930.975384,-1,-1
1.71E+12,3,0.950662212,1053.416453,2930.975447,-1,-1
1.71E+12,3,0.949952615,1054.197512,2930.975587,-1,-1
1.71E+12,3,0.949215506,1055.011464,2930.975805,-1,-1
1.71E+12,3,0.948452512,1055.856416,2930.976101,-1,-1
1.71E+12,3,0.947665268,1056.730467,2930.976478,-1,-1
1.71E+12,3,0.946855414,1057.631706,2930.976934,-1,-1
1.71E+12,3,0.946024592,1058.55822,2930.977471,-1,-1
1.71E+12,3,0.945174447,1059.508095,2930.978088,-1,-1
1.71E+12,3,0.944306619,1060.47942,2930.978784,-1,-1
1.71E+12,3,0.943422739,1061.470296,2930.97956,-1,-1
1.71E+12,3,0.942524426,1062.478836,2930.980413,-1,-1
1.71E+12,3,0.941613279,1063.503177,2930.981342,-1,-1
1.71E+12,3,0.940690879,1064.54148,2930.982348,-1,-1
1.71E+12,3,0.939758779,1065.591934,2930.983428,-1,-1
1.71E+12,3,0.938818509,1066.652762,2930.984583,-1,-1
1.71E+12,3,0.937871565,1067.72222,2930.985808,-1,-1
1.71E+12,3,0.936919417,1068.7986,2930.987102,-1,-1
1.71E+12,3,0.935963496,1069.880236,2930.988463,-1,-1
1.71E+12,3,0.935005202,1070.9655,2930.989888,-1,-1
1.71E+12,3,0.934045894,1072.05281,2930.991376,-1,-1
1.71E+12,3,0.933086896,1073.140626,2930.992926,-1,-1
1.71E+12,3,0.93212949,1074.227458,2930.994535,-1,-1
1.71E+12,3,0.931174915,1075.311861,2930.9962,-1,-1
1.71E+12,3,0.930224372,1076.392439,2930.997917,-1,-1
1.71E+12,3,0.929279014,1077.467847,2930.999683,-1,-1
1.71E+12,3,0.928339952,1078.536791,2931.001496,-1,-1
1.71E+12,3,0.927408251,1079.59803,2931.003351,-1,-1
1.71E+12,3,0.926484927,1080.650375,2931.005245,-1,-1
1.71E+12,3,0.925570953,1081.692693,2931.007173,-1,-1
1.71E+12,3,0.924667258,1082.723895,2931.009134,-1,-1
1.71E+12,3,0.923774727,1083.742942,2931.011123,-1,-1
1.71E+12,3,0.922894193,1084.748857,2931.013135,-1,-1
1.71E+12,3,0.922026437,1085.740722,2931.015166,-1,-1
1.71E+12,3,0.921172184,1086.717686,2931.017211,-1,-1
1.71E+12,3,0.920332107,1087.678961,2931.019267,-1,-1
1.71E+12,3,0.919506824,1088.62382,2931.021331,-1,-1
1.71E+12,3,0.918696904,1089.551594,2931.0234,-1,-1
1.71E+12,3,0.917902863,1090.461676,2931.025468,-1,-1
1.71E+12,3,0.917125168,1091.353513,2931.027531,-1,-1
1.71E+12,3,0.916364237,1092.226609,2931.029586,-1,-1
1.71E+12,3,0.915620442,1093.080525,2931.031628,-1,-1
1.71E+12,3,0.914894099,1093.91488,2931.033655,-1,-1
1.71E+12,3,0.914185471,1094.729355,2931.035663,-1,-1
1.71E+12,3,0.913494772,1095.523692,2931.037647,-1,-1
1.71E+12,3,0.912822167,1096.297681,2931.039603,-1,-1
1.71E+12,3,0.912167784,1097.051162,2931.04153,-1,-1
1.71E+12,3,0.911531704,1097.78402,2931.043425,-1,-1
1.71E+12,3,0.910913976,1098.496184,2931.045282,-1,-1
1.71E+12,3,0.910314607,1099.187624,2931.0471,-1,-1
1.71E+12,3,0.90973357,1099.858352,2931.048874,-1,-1
1.71E+12,3,0.909170803,1100.508421,2931.050602,-1,-1
1.71E+12,3,0.908626214,1101.137916,2931.052282,-1,-1
1.71E+12,3,0.908099677,1101.746962,2931.053911,-1,-1
1.71E+12,3,0.907591042,1102.335715,2931.055485,-1,-1
1.71E+12,3,0.907100126,1102.904362,2931.057002,-1,-1
1.71E+12,3,0.906626723,1103.453125,2931.058461,-1,-1
1.71E+12,3,0.906170598,1103.982252,2931.059859,-1,-1
1.71E+12,3,0.905731495,1104.492022,2931.061196,-1,-1
1.71E+12,3,0.905309131,1104.98274,2931.062469,-1,-1
1.71E+12,3,0.904903205,1105.454737,2931.063677,-1,-1
1.71E+12,3,0.904513396,1105.908366,2931.064819,-1,-1
1.71E+12,3,0.904139363,1106.344,2931.065895,-1,-1
1.71E+12,3,0.903780749,1106.762036,2931.066903,-1,-1
1.71E+12,3,0.903437182,1107.162886,2931.067842,-1,-1
1.71E+12,3,0.903108275,1107.546981,2931.068712,-1,-1
1.71E+12,3,0.90279363,1107.914766,2931.069512,-1,-1
1.71E+12,3,0.902492834,1108.2667,2931.070244,-1,-1
1.71E+12,3,0.902205469,1108.603254,2931.070908,-1,-1
1.71E+12,3,0.901931106,1108.924909,2931.071503,-1,-1
1.71E+12,3,0.901669314,1109.23215,2931.072028,-1,-1
1.71E+12,3,0.901419654,1109.525472,2931.072488,-1,-1
1.71E+12,3,0.901181686,1109.805371,2931.072882,-1,-1
1.71E+12,3,0.900954967,1110.072349,2931.073213,-1,-1
1.71E+12,3,0.900739052,1110.326911,2931.073481,-1,-1
1.71E+12,3,0.900533498,1110.569559,2931.073687,-1,-1
1.71E+12,3,0.900337862,1110.800796,2931.073833,-1,-1
1.71E+12,3,0.900151703,1111.021125,2931.073922,-1,-1
1.71E+12,3,0.899974587,1111.231041,2931.073956,-1,-1
1.71E+12,3,0.899806079,1111.431039,2931.073936,-1,-1
1.71E+12,3,0.899645752,1111.621609,2931.073865,-1,-1
1.71E+12,3,0.899493181,1111.803238,2931.073743,-1,-1
1.71E+12,3,0.899347945,1111.976408,2931.073574,-1,-1
1.71E+12,3,0.899209632,1112.141592,2931.073361,-1,-1
1.71E+12,3,0.899077834,1112.299259,2931.073105,-1,-1
1.71E+12,3,0.898952154,1112.449868,2931.072809,-1,-1
1.71E+12,3,0.898832199,1112.593871,2931.072477,-1,-1
1.71E+12,3,0.898717587,1112.731711,2931.072108,-1,-1
1.71E+12,3,0.898607942,1112.86382,2931.071705,-1,-1
1.71E+12,3,0.898502901,1112.990622,2931.071269,-1,-1
1.71E+12,3,0.898402108,1113.112528,2931.070804,-1,-1
1.71E+12,3,0.898305218,1113.22994,2931.070313,-1,-1
1.71E+12,3,0.898211895,1113.343251,2931.069796,-1,-1
1.71E+12,3,0.898121813,1113.452839,2931.069255,-1,-1
1.71E+12,3,0.898034656,1113.559073,2931.068694,-1,-1
1.71E+12,3,0.897950118,1113.662312,2931.068114,-1,-1
1.71E+12,3,0.897867905,1113.762903,2931.067519,-1,-1
1.71E+12,3,0.897787732,1113.861179,2931.06691,-1,-1
1.71E+12,3,0.897709322,1113.957466,2931.066287,-1,-1
1.71E+12,3,0.897632409,1114.052079,2931.065654,-1,-1
1.71E+12,3,0.897556736,1114.14532,2931.065013,-1,-1
1.71E+12,3,0.897482055,1114.237485,2931.064366,-1,-1
1.71E+12,3,0.897408125,1114.328858,2931.063714,-1,-1
1.71E+12,3,0.897334717,1114.419714,2931.063059,-1,-1
1.71E+12,3,0.897261608,1114.510317,2931.062402,-1,-1
1.71E+12,3,0.897188585,1114.600923,2931.061746,-1,-1
1.71E+12,3,0.897115441,1114.691779,2931.061092,-1,-1
1.71E+12,3,0.897041981,1114.783122,2931.06044,-1,-1
1.71E+12,3,0.896968016,1114.875177,2931.059791,-1,-1
1.71E+12,3,0.896893368,1114.968162,2931.059147,-1,-1
1.71E+12,3,0.896817865,1115.062287,2931.058507,-1,-1
1.71E+12,3,0.896741342,1115.157752,2931.057874,-1,-1
1.71E+12,3,0.89666364,1115.254753,2931.057246,-1,-1
1.71E+12,3,0.89658461,1115.353473,2931.056625,-1,-1
1.71E+12,3,0.896504115,1115.454082,2931.05601,-1,-1
1.71E+12,3,0.896422028,1115.556741,2931.055402,-1,-1
1.71E+12,3,0.896338225,1115.661602,2931.054801,-1,-1
1.71E+12,3,0.896252589,1115.768813,2931.054206,-1,-1
1.71E+12,3,0.896165007,1115.878519,2931.053618,-1,-1
1.71E+12,3,0.89607537,1115.990857,2931.053036,-1,-1
1.71E+12,3,0.895983575,1116.105955,2931.052461,-1,-1
1.71E+12,3,0.895889524,1116.223942,2931.051891,-1,-1
1.71E+12,3,0.895793119,1116.344939,2931.051326,-1,-1
1.71E+12,3,0.895694265,1116.469069,2931.050767,-1,-1
1.71E+12,3,0.89559287,1116.596451,2931.05021,-1,-1
1.71E+12,3,0.895488842,1116.727201,2931.049655,-1,-1
1.71E+12,3,0.895382092,1116.861433,2931.049101,-1,-1
1.71E+12,3,0.895272534,1116.999256,2931.048548,-1,-1
1.71E+12,3,0.895160093,1117.140769,2931.047995,-1,-1
1.71E+12,3,0.895044704,1117.286053,2931.047442,-1,-1
1.71E+12,3,0.894926315,1117.435177,2931.046888,-1,-1
1.71E+12,3,0.894804882,1117.5882,2931.046332,-1,-1
1.71E+12,3,0.894680367,1117.74517,2931.045772,-1,-1
1.71E+12,3,0.89455274,1117.906129,2931.045208,-1,-1
1.71E+12,3,0.894421979,1118.071106,2931.04464,-1,-1
1.71E+12,3,0.894288071,1118.240121,2931.044068,-1,-1
1.71E+12,3,0.894151008,1118.413186,2931.04349,-1,-1
1.71E+12,3,0.894010796,1118.590296,2931.042905,-1,-1
1.71E+12,3,0.893867447,1118.77144,2931.042313,-1,-1
1.71E+12,3,0.893720985,1118.956589,2931.041713,-1,-1
1.71E+12,3,0.893571445,1119.145702,2931.041105,-1,-1
1.71E+12,3,0.893418876,1119.338719,2931.040489,-1,-1
1.71E+12,3,0.893263339,1119.535568,2931.039863,-1,-1
1.71E+12,3,0.893104908,1119.736158,2931.039226,-1,-1
1.71E+12,3,0.892943666,1119.940386,2931.03858,-1,-1
1.71E+12,3,0.89277971,1120.148133,2931.037924,-1,-1
1.71E+12,3,0.892613147,1120.359266,2931.037258,-1,-1
1.71E+12,3,0.892444098,1120.573636,2931.03658,-1,-1
1.71E+12,3,0.892272693,1120.79108,2931.035892,-1,-1
1.71E+12,3,0.892099076,1121.01142,2931.035193,-1,-1
1.71E+12,3,0.891923401,1121.234463,2931.034485,-1,-1
1.71E+12,3,0.891745837,1121.459996,2931.033765,-1,-1
1.71E+12,3,0.891566566,1121.687793,2931.033034,-1,-1
1.71E+12,3,0.891385784,1121.917608,2931.032293,-1,-1
1.71E+12,3,0.891203701,1122.149177,2931.031542,-1,-1
1.71E+12,3,0.89102054,1122.38222,2931.030782,-1,-1
1.71E+12,3,0.890836539,1122.61644,2931.030012,-1,-1
1.71E+12,3,0.890651948,1122.85152,2931.029233,-1,-1
1.71E+12,3,0.890467031,1123.087127,2931.028445,-1,-1
1.71E+12,3,0.890282067,1123.322913,2931.027648,-1,-1
1.71E+12,3,0.890097344,1123.558512,2931.026845,-1,-1
1.71E+12,3,0.889913166,1123.793543,2931.026034,-1,-1
1.71E+12,3,0.889729845,1124.027611,2931.025215,-1,-1
1.71E+12,3,0.889547706,1124.260306,2931.02439,-1,-1
1.71E+12,3,0.889367083,1124.491205,2931.023561,-1,-1
1.71E+12,3,0.889188322,1124.719874,2931.022728,-1,-1
1.71E+12,3,0.889011776,1124.945865,2931.021892,-1,-1
1.71E+12,3,0.888837806,1125.168721,2931.021053,-1,-1
1.71E+12,3,0.88866678,1125.387978,2931.020212,-1,-1
1.71E+12,3,0.888499072,1125.603161,2931.01937,-1,-1
1.71E+12,3,0.88833506,1125.813792,2931.018529,-1,-1
1.71E+12,3,0.888175127,1126.019387,2931.017689,-1,-1
1.71E+12,3,0.888019656,1126.219458,2931.016851,-1,-1
1.71E+12,3,0.887869035,1126.413516,2931.016016,-1,-1
1.71E+12,3,0.887723648,1126.60107,2931.015185,-1,-1
1.71E+12,3,0.887583879,1126.781635,2931.01436,-1,-1
1.71E+12,3,0.88745011,1126.954725,2931.013542,-1,-1
1.71E+12,3,0.887322719,1127.119861,2931.012731,-1,-1
1.71E+12,3,0.887202076,1127.27657,2931.011926,-1,-1
1.71E+12,3,0.887088547,1127.424386,2931.011131,-1,-1
1.71E+12,3,0.886982492,1127.562853,2931.010346,-1,-1
1.71E+12,3,0.886884257,1127.691527,2931.009574,-1,-1
1.71E+12,3,0.886794183,1127.809976,2931.008816,-1,-1
1.71E+12,3,0.886712593,1127.917785,2931.008073,-1,-1
1.71E+12,3,0.8866398,1128.014554,2931.007347,-1,-1
1.71E+12,3,0.8865761,1128.099905,2931.006638,-1,-1
1.71E+12,3,0.886521773,1128.173478,2931.005949,-1,-1
1.71E+12,3,0.886477083,1128.234935,2931.005282,-1,-1
1.71E+12,3,0.886442273,1128.283961,2931.004636,-1,-1
1.71E+12,3,0.886417569,1128.320267,2931.004011,-1,-1
1.71E+12,3,0.886403174,1128.343588,2931.00341,-1,-1
1.71E+12,3,0.88639927,1128.353689,2931.002832,-1,-1
1.71E+12,3,0.886406018,1128.350361,2931.00228,-1,-1
1.71E+12,3,0.886423552,1128.333425,2931.001753,-1,-1
1.71E+12,3,0.886451983,1128.302736,2931.001254,-1,-1
1.71E+12,3,0.886491397,1128.258176,2931.000783,-1,-1
1.71E+12,3,0.886541857,1128.199661,2931.000339,-1,-1
1.71E+12,3,0.886603396,1128.12714,2930.999925,-1,-1
1.71E+12,3,0.886676024,1128.040593,2930.999541,-1,-1
1.71E+12,3,0.886759724,1127.940033,2930.999187,-1,-1
1.71E+12,3,0.886854456,1127.825507,2930.998864,-1,-1
1.71E+12,3,0.88696015,1127.697091,2930.998573,-1,-1
1.71E+12,3,0.887076713,1127.554898,2930.998314,-1,-1
1.71E+12,3,0.887204023,1127.399073,2930.99809,-1,-1
1.71E+12,3,0.887341935,1127.229794,2930.997899,-1,-1
1.71E+12,3,0.887490276,1127.04727,2930.997741,-1,-1
1.71E+12,3,0.887648849,1126.851743,2930.997619,-1,-1
1.71E+12,3,0.887817433,1126.643488,2930.997533,-1,-1
1.71E+12,3,0.88799578,1126.422806,2930.997482,-1,-1
1.71E+12,3,0.888183623,1126.190032,2930.997467,-1,-1
1.71E+12,3,0.88838067,1125.945527,2930.997488,-1,-1
1.71E+12,3,0.888586607,1125.68968,2930.997545,-1,-1
1.71E+12,3,0.888801103,1125.422906,2930.997639,-1,-1
1.71E+12,3,0.889023803,1125.145644,2930.997771,-1,-1
1.71E+12,3,0.889254339,1124.858356,2930.99794,-1,-1
1.71E+12,3,0.889492323,1124.561526,2930.998146,-1,-1
1.71E+12,3,0.889737353,1124.255657,2930.998389,-1,-1
1.71E+12,3,0.889989013,1123.941269,2930.99867,-1,-1
1.71E+12,3,0.890246874,1123.618901,2930.998988,-1,-1
1.71E+12,3,0.890510498,1123.289102,2930.999342,-1,-1
1.71E+12,3,0.890779436,1122.952435,2930.999732,-1,-1
1.71E+12,3,0.891053234,1122.609474,2931.000155,-1,-1
1.71E+12,3,0.891331427,1122.260798,2931.000612,-1,-1
1.71E+12,3,0.891613552,1121.906995,2931.001102,-1,-1
1.71E+12,3,0.891899138,1121.548656,2931.001625,-1,-1
1.71E+12,3,0.892187717,1121.186372,2931.00218,-1,-1
1.71E+12,3,0.892478819,1120.820734,2931.002767,-1,-1
1.71E+12,3,0.892771978,1120.452333,2931.003386,-1,-1
1.71E+12,3,0.893066731,1120.081752,2931.004035,-1,-1
1.71E+12,3,0.893362621,1119.709572,2931.004714,-1,-1
1.71E+12,3,0.893659198,1119.336361,2931.005421,-1,-1
1.71E+12,3,0.893956017,1118.962682,2931.006154,-1,-1
1.71E+12,3,0.894252648,1118.589082,2931.006913,-1,-1
1.71E+12,3,0.894548667,1118.216098,2931.007697,-1,-1
1.71E+12,3,0.894843667,1117.84425,2931.008505,-1,-1
1.71E+12,3,0.895137249,1117.474042,2931.009335,-1,-1
1.71E+12,3,0.895429035,1117.105959,2931.010185,-1,-1
1.71E+12,3,0.895718657,1116.740468,2931.011052,-1,-1
1.71E+12,3,0.896005767,1116.378015,2931.011937,-1,-1
1.71E+12,3,0.896290034,1116.019023,2931.012836,-1,-1
1.71E+12,3,0.896571143,1115.663896,2931.013748,-1,-1
1.71E+12,3,0.896848794,1115.313019,2931.014672,-1,-1
1.71E+12,3,0.897122701,1114.966759,2931.015604,-1,-1
1.71E+12,3,0.897392598,1114.625458,2931.016544,-1,-1
1.71E+12,3,0.897658239,1114.289435,2931.017491,-1,-1
1.71E+12,3,0.897919394,1113.958987,2931.018442,-1,-1
1.71E+12,3,0.898175853,1113.634386,2931.019396,-1,-1
1.71E+12,3,0.898427427,1113.315878,2931.020351,-1,-1
1.71E+12,3,0.898673945,1113.003687,2931.021304,-1,-1
1.71E+12,3,0.898915256,1112.698013,2931.022256,-1,-1
1.71E+12,3,0.899151227,1112.399029,2931.023203,-1,-1
1.71E+12,3,0.899381746,1112.106885,2931.024146,-1,-1
1.71E+12,3,0.899606718,1111.82171,2931.025081,-1,-1
1.71E+12,3,0.899826067,1111.543605,2931.026009,-1,-1
1.71E+12,3,0.900039734,1111.272657,2931.026927,-1,-1
1.71E+12,3,0.900247672,1111.008928,2931.027833,-1,-1
1.71E+12,3,0.900449852,1110.752464,2931.028727,-1,-1
1.71E+12,3,0.900646259,1110.503292,2931.029607,-1,-1
1.71E+12,3,0.900836889,1110.261422,2931.03047,-1,-1
1.71E+12,3,0.901021751,1110.026851,2931.031315,-1,-1
1.71E+12,3,0.901200865,1109.799559,2931.032142,-1,-1
1.71E+12,3,0.901374262,1109.579515,2931.032948,-1,-1
1.71E+12,3,0.901541979,1109.366677,2931.033734,-1,-1
1.71E+12,3,0.901704063,1109.16099,2931.034497,-1,-1
1.71E+12,3,0.901860567,1108.962394,2931.035239,-1,-1
1.71E+12,3,0.902011549,1108.770819,2931.035959,-1,-1
1.71E+12,3,0.902157073,1108.586189,2931.036655,-1,-1
1.71E+12,3,0.902297204,1108.408424,2931.037325,-1,-1
1.71E+12,3,0.902432014,1108.23744,2931.037971,-1,-1
1.71E+12,3,0.902561572,1108.073148,2931.038592,-1,-1
1.71E+12,3,0.902685952,1107.915462,2931.039187,-1,-1
1.71E+12,3,0.902805222,1107.764292,2931.039756,-1,-1
1.71E+12,3,0.902919454,1107.619552,2931.040299,-1,-1
1.71E+12,3,0.903028715,1107.481158,2931.040814,-1,-1
1.71E+12,3,0.903133068,1107.349028,2931.041302,-1,-1
1.71E+12,3,0.903232574,1107.223086,2931.041763,-1,-1
1.71E+12,3,0.903327287,1107.103263,2931.042199,-1,-1
1.71E+12,3,0.903417258,1106.989493,2931.042608,-1,-1
1.71E+12,3,0.903502531,1106.881717,2931.042991,-1,-1
1.71E+12,3,0.903583145,1106.779886,2931.043348,-1,-1
1.71E+12,3,0.903659131,1106.683954,2931.043681,-1,-1
1.71E+12,3,0.903730516,1106.593885,2931.043989,-1,-1
1.71E+12,3,0.903797321,1106.50965,2931.044274,-0.999847596,-0.999960792
1.71E+12,3,0.903859555,1106.431228,2931.044535,-0.999366153,-0.999797724
1.71E+12,3,0.903917226,1106.358609,2931.044773,-0.998517935,-0.999416437
1.71E+12,3,0.903970333,1106.291787,2931.04499,-0.997263196,-0.998712348
1.71E+12,3,0.90401887,1106.230763,2931.045184,-0.995559978,-0.997570077
1.71E+12,3,0.904062825,1106.175546,2931.045356,-0.993363935,-0.995862836
1.71E+12,3,0.90410218,1106.126154,2931.045507,-0.990628158,-0.993451771
1.71E+12,3,0.90413691,1106.082609,2931.045638,-0.987303024,-0.990185258
1.71E+12,3,0.904166984,1106.044944,2931.045751,-0.983336064,-0.985898177
1.71E+12,3,0.90419237,1106.013194,2931.045844,-0.978671849,-0.980411147
1.71E+12,3,0.904213027,1105.987401,2931.045918,-0.973251902,-0.973529745
1.71E+12,3,0.904228913,1105.967612,2931.045974,-0.967014636,-0.965043699
1.71E+12,3,0.904239981,1105.953876,2931.046014,-0.959895316,-0.954726088
1.71E+12,3,0.904246184,1105.946247,2931.046037,-0.951826052,-0.942332521
1.71E+12,3,0.904247473,1105.94478,2931.046042,-0.942735827,-0.927600339
1.71E+12,3,0.904243797,1105.94953,2931.046029,-0.932550545,-0.91024782
1.71E+12,3,0.904235105,1105.960553,2931.046001,-0.921193128,-0.889973413
1.71E+12,3,0.904221349,1105.977903,2931.045956,-0.908583631,-0.866454999
1.71E+12,3,0.904202484,1106.00163,2931.045894,-0.894639401,-0.839349194
1.71E+12,3,0.904178465,1106.031782,2931.045816,-0.87927527,-0.808290705
1.71E+12,3,0.904149254,1106.068401,2931.04572,-0.862403776,-0.772891738
1.71E+12,3,0.904114816,1106.111525,2931.045608,-0.84393543,-0.732741475
1.71E+12,3,0.904075122,1106.161183,2931.045479,-0.823779006,-0.68740563
1.71E+12,3,0.904030151,1106.217396,2931.045333,-0.801841871,-0.636426083
1.71E+12,3,0.903979889,1106.280175,2931.045168,-0.77803035,-0.579320619
1.71E+12,3,0.903924331,1106.349521,2931.044985,-0.752250113,-0.51558275
1.71E+12,3,0.903863483,1106.425421,2931.044783,-0.724406603,-0.444681664
1.71E+12,3,0.903797365,1106.507847,2931.044563,-0.694405485,-0.366062282
1.71E+12,3,0.903726009,1106.596755,2931.044323,-0.662153126,-0.279145432
1.71E+12,3,0.903649457,1106.692086,2931.044063,-0.627557097,-0.183328165
1.71E+12,3,0.903567767,1106.793765,2931.04378,-0.590526698,-0.077984199
1.71E+12,3,0.903481011,1106.9017,2931.043476,-0.550973502,0.037535499
1.71E+12,3,0.903389273,1107.015783,2931.043149,-0.508811913,0.163901982
1.71E+12,3,0.903292653,1107.135885,2931.042799,-0.463959745,0.301807448
1.71E+12,3,0.903191268,1107.261859,2931.042425,-0.416338803,0.45196421
1.71E+12,3,0.903085249,1107.393541,2931.042025,-0.365875475,0.615103521
1.71E+12,3,0.902974743,1107.530744,2931.041599,-0.312501329,0.791974238
1.71E+12,3,0.902859915,1107.673263,2931.041144,-0.256153707,0.983341339
1.71E+12,3,0.902740944,1107.820872,2931.040662,-0.196776315,1.189984283
1.71E+12,3,0.902618027,1107.973328,2931.040151,-0.134319811,1.412695223
1.71E+12,3,0.902491376,1108.130365,2931.039608,-0.068742378,1.652277074
1.71E+12,3,0.902361217,1108.291703,2931.039032,-1.03E-05,1.909541424
1.71E+12,3,0.902227793,1108.45704,2931.038422,0.071901598,2.185306327
1.71E+12,3,0.902091359,1108.626057,2931.037778,0.147009227,2.480393944
1.71E+12,3,0.901952186,1108.79842,2931.037096,0.225318948,2.795628068
1.71E+12,3,0.901810557,1108.973778,2931.036377,0.306827011,3.131831526
1.71E+12,3,0.901666762,1109.151771,2931.035618,0.39151914,3.489823474
1.71E+12,3,0.901521096,1109.332035,2931.03482,0.479370146,3.870416586
1.71E+12,3,0.901373862,1109.514195,2931.03398,0.570343574,4.274414159
1.71E+12,3,0.901225373,1109.697864,2931.033097,0.664391392,4.702607131
1.71E+12,3,0.901075956,1109.882638,2931.032171,0.761453731,5.155771039
1.71E+12,3,0.900925952,1110.068097,2931.0312,0.861458666,5.634662917
1.71E+12,3,0.900775711,1110.253807,2931.030185,0.964322054,6.140018149
1.71E+12,3,0.900625594,1110.439324,2931.029125,1.069947424,6.672547303
1.71E+12,3,0.90047597,1110.624193,2931.028019,1.178225919,7.232893731
1.71E+12,3,0.900327215,1110.80795,2931.026868,1.289036302,7.821624154
1.71E+12,3,0.900179709,1110.990127,2931.02567,1.402245007,8.439261223
1.71E+12,3,0.90003384,1111.170247,2931.024426,1.517706267,9.086279859
1.71E+12,3,0.899889993,1111.347834,2931.023134,1.635262283,9.763103597
1.71E+12,3,0.899748561,1111.522407,2931.021796,1.75474347,10.47010093
1.71E+12,3,0.899609934,1111.693484,2931.020412,1.875968749,11.2075817
1.71E+12,3,0.899474503,1111.860584,2931.018982,1.998745912,11.97579354
1.71E+12,3,0.899342659,1112.023228,2931.017507,2.122872036,12.77491836
1.71E+12,3,0.89921479,1112.180938,2931.015984,2.248133959,13.605069
1.71E+12,3,0.899091278,1112.333247,2931.014417,2.374308818,14.46628589
1.71E+12,3,0.898972497,1112.479691,2931.012805,2.501164634,15.35853394
1.71E+12,3,0.898858819,1112.619819,2931.011149,2.628460954,16.28169958
1.71E+12,3,0.898750603,1112.753186,2931.00945,2.755949551,17.23558787
1.71E+12,3,0.898648203,1112.879361,2931.00771,2.883375158,18.21991994
1.71E+12,3,0.898551959,1112.997927,2931.005931,3.010476264,19.2343306
1.71E+12,3,0.898462199,1113.108479,2931.004114,3.136985936,20.27836614
1.71E+12,3,0.898379239,1113.210632,2931.002261,3.262632699,21.35148243
1.71E+12,3,0.89830338,1113.304019,2931.000374,3.387141431,22.45304331
1.71E+12,3,0.898234908,1113.388288,2930.998454,3.510234305,23.58231925
1.71E+12,3,0.898174093,1113.463111,2930.996506,3.63163175,24.73848627
1.71E+12,3,0.898121188,1113.528178,2930.994529,3.75105344,25.92062525
1.71E+12,3,0.898076428,1113.583203,2930.992528,3.868219294,27.12772155
1.71E+12,3,0.89804003,1113.62792,2930.990504,3.982850498,28.35866498
1.71E+12,3,0.898012194,1113.662089,2930.988462,4.094670528,29.61225009
1.71E+12,3,0.897993098,1113.685491,2930.986403,4.203406185,30.8871769
1.71E+12,3,0.897982902,1113.697933,2930.98433,4.30878862,32.18205191
1.71E+12,3,0.897981745,1113.699248,2930.982246,4.410554363,33.49538959
1.71E+12,3,0.897989746,1113.689292,2930.980153,4.50844633,34.82561417
1.71E+12,3,0.898007,1113.66795,2930.978056,4.602214824,36.17106188
1.71E+12,3,0.898033585,1113.635132,2930.975958,4.691618506,37.5299835
1.71E+12,3,0.898069554,1113.590774,2930.973863,4.776425351,38.9005474
1.71E+12,3,0.898114942,1113.534837,2930.971773,4.856413562,40.28084283
1.71E+12,3,0.898169759,1113.467312,2930.969691,4.931372457,41.66888374
1.71E+12,3,0.898233996,1113.388214,2930.967624,5.001103311,43.06261279
1.71E+12,3,0.898307622,1113.297583,2930.965575,5.06542016,44.4599059
1.71E+12,3,0.898390583,1113.19549,2930.963546,5.124150551,45.85857699
1.71E+12,3,0.898482807,1113.082026,2930.961541,5.177136246,47.25638317
1.71E+12,3,0.898584199,1112.957312,2930.959564,5.224233863,48.65103017
1.71E+12,3,0.898694644,1112.821492,2930.95762,5.265315467,50.04017811
1.71E+12,3,0.898814007,1112.674735,2930.955712,5.300269092,51.42144756
1.71E+12,3,0.898942133,1112.517234,2930.953843,5.328999205,52.79242582
1.71E+12,3,0.89907885,1112.349205,2930.952019,5.351427097,54.15067348
1.71E+12,3,0.899223963,1112.170888,2930.950242,5.36749121,55.49373119
1.71E+12,3,0.899377263,1111.982546,2930.948517,5.37714739,56.81912661
1.71E+12,3,0.89953852,1111.784462,2930.946846,5.380369073,58.12438153
1.71E+12,3,0.899707489,1111.57694,2930.945233,5.37714739,59.40701913
1.71E+12,3,0.899883909,1111.360302,2930.943681,5.36749121,60.66457135
1.71E+12,3,0.900067505,1111.134889,2930.942193,5.351427097,61.89458634
1.71E+12,3,0.900257989,1110.901058,2930.940772,5.328999205,63.09463598
1.71E+12,3,0.900455056,1110.659185,2930.939423,5.300269092,64.26232337
1.71E+12,3,0.90065839,1110.409659,2930.938148,5.265315467,65.39529037
1.71E+12,3,0.900867663,1110.152884,2930.936951,5.224233863,66.49122508
1.71E+12,3,0.901082536,1109.889279,2930.935837,5.177136246,67.54786921
1.71E+12,3,0.90130266,1109.619272,2930.934808,5.124150551,68.56302538
1.71E+12,3,0.901527679,1109.343304,2930.933867,5.06542016,69.53456431
1.71E+12,3,0.901757225,1109.061825,2930.933017,5.001103311,70.46043177
1.71E+12,3,0.901990927,1108.775292,2930.932261,4.931372457,71.33865541
1.71E+12,3,0.902228405,1108.48417,2930.9316,4.856413562,72.16735132
1.71E+12,3,0.902469276,1108.188931,2930.931037,4.776425351,72.94473034
1.71E+12,3,0.902713151,1107.890053,2930.930574,4.691618506,73.66910409
1.71E+12,3,0.902959638,1107.588015,2930.930213,4.602214824,74.33889072
1.71E+12,3,0.903208343,1107.283302,2930.929954,4.50844633,74.95262025
1.71E+12,3,0.903458866,1106.976401,2930.9298,4.410554363,75.50893965
1.71E+12,3,0.90371081,1106.6678,2930.929753,4.30878862,76.00661745
1.71E+12,3,0.903963773,1106.357992,2930.929813,4.203406185,76.44454802
1.71E+12,3,0.904217354,1106.047464,2930.92998,4.094670528,76.82175535
1.71E+12,3,0.904471155,1105.736705,2930.930255,3.982850498,77.13739647
1.71E+12,3,0.904724779,1105.426199,2930.930639,3.868219294,77.39076437
1.71E+12,3,0.904977833,1105.116428,2930.931132,3.75105344,77.58129043
1.71E+12,3,0.905229926,1104.807867,2930.931734,3.63163175,77.70854647
1.71E+12,3,0.905480669,1104.500991,2930.932446,3.510234305,77.77224619
1.71E+12,3,0.905729681,1104.196265,2930.933268,3.387141431,77.77224619
1.71E+12,3,0.905976585,1103.89415,2930.934199,3.262632699,77.70854647
1.71E+12,3,0.90622101,1103.595096,2930.935237,3.136985936,77.58129043
1.71E+12,3,0.906462596,1103.299544,2930.936382,3.010476264,77.39076437
1.71E+12,3,0.906700987,1103.007924,2930.937633,2.883375158,77.13739647
1.71E+12,3,0.906935838,1102.720659,2930.938988,2.755949551,76.82175535
1.71E+12,3,0.907166811,1102.438158,2930.940445,2.628460954,76.44454802
1.71E+12,3,0.90739358,1102.16082,2930.942002,2.501164634,76.00661745
1.71E+12,3,0.907615826,1101.88903,2930.943659,2.374308818,75.50893965
1.71E+12,3,0.907833241,1101.623164,2930.945413,2.248133959,74.95262025
1.71E+12,3,0.908045528,1101.363584,2930.947261,2.122872036,74.33889072
1.71E+12,3,0.908252397,1101.110638,2930.9492,1.998745912,73.66910409
1.71E+12,3,0.908453573,1100.864664,2930.951228,1.875968749,72.94473034
1.71E+12,3,0.908648789,1100.625986,2930.953343,1.75474347,72.16735132
1.71E+12,3,0.908837787,1100.394914,2930.955543,1.635262283,71.33865541
1.71E+12,3,0.909020323,1100.171747,2930.957822,1.517706267,70.46043177
1.71E+12,3,0.909196161,1099.95677,2930.960176,1.402245007,69.53456431
1.71E+12,3,0.909365078,1099.750254,2930.962603,1.289036302,68.56302538
1.71E+12,3,0.90952686,1099.552459,2930.965098,1.178225919,67.54786921
1.71E+12,3,0.909681307,1099.363628,2930.967655,1.069947424,66.49122508
1.71E+12,3,0.90982823,1099.183989,2930.970272,0.964322054,65.39529037
1.71E+12,3,0.909967455,1099.013755,2930.972944,0.861458666,64.26232337
1.71E+12,3,0.91009882,1098.853121,2930.975665,0.761453731,63.09463598
1.71E+12,3,0.910222178,1098.702266,2930.978432,0.664391392,61.89458634
1.71E+12,3,0.910337393,1098.561354,2930.98124,0.570343574,60.66457135
1.71E+12,3,0.910444342,1098.430535,2930.984083,0.479370146,59.40701913
1.71E+12,3,0.910542915,1098.309943,2930.986958,0.39151914,58.12438153
1.71E+12,3,0.910633014,1098.199698,2930.989859,0.306827011,56.81912661
1.71E+12,3,0.910714551,1098.099904,2930.992781,0.225318948,55.49373119
1.71E+12,3,0.910787451,1098.010653,2930.995719,0.147009227,54.15067348
1.71E+12,3,0.910851653,1097.932022,2930.99867,0.071901598,52.79242582
1.71E+12,3,0.910907103,1097.864074,2931.001627,-1.03E-05,51.42144756
1.71E+12,3,0.910953766,1097.806855,2931.004589,-0.068742378,50.04017811
1.71E+12,3,0.910991617,1097.760393,2931.007547,-0.134319811,48.65103017
1.71E+12,3,0.911020648,1097.7247,2931.010497,-0.196776315,47.25638317
1.71E+12,3,0.911040863,1097.699771,2931.013436,-0.256153707,45.85857699
1.71E+12,3,0.91105228,1097.685586,2931.016357,-0.312501329,44.4599059
1.71E+12,3,0.911054927,1097.682112,2931.019256,-0.365875475,43.06261279
1.71E+12,3,0.911048842,1097.689302,2931.022129,-0.416338803,41.66888374
1.71E+12,3,0.911034074,1097.707099,2931.02497,-0.463959745,40.28084283
1.71E+12,3,0.91101068,1097.735434,2931.027778,-0.508811913,38.9005474
1.71E+12,3,0.910978725,1097.774231,2931.030547,-0.550973502,37.5299835
1.71E+12,3,0.910938282,1097.823401,2931.033274,-0.590526698,36.17106188
1.71E+12,3,0.910889432,1097.882848,2931.035953,-0.627557097,34.82561417
1.71E+12,3,0.910832267,1097.952462,2931.038584,-0.662153126,33.49538959
1.71E+12,3,0.910766887,1098.032122,2931.041163,-0.694405485,32.18205191
1.71E+12,3,0.910693403,1098.121696,2931.043685,-0.724406603,30.8871769
1.71E+12,3,0.910611935,1098.221039,2931.046148,-0.752250113,29.61225009
1.71E+12,3,0.910522612,1098.329996,2931.048549,-0.77803035,28.35866498
1.71E+12,3,0.910425571,1098.448402,2931.050886,-0.801841871,27.12772155
1.71E+12,3,0.91032096,1098.576079,2931.053157,-0.823779006,25.92062525
1.71E+12,3,0.910208934,1098.712839,2931.055358,-0.84393543,24.73848627
1.71E+12,3,0.91008966,1098.858483,2931.057489,-0.862403776,23.58231925
1.71E+12,3,0.909963311,1099.012798,2931.059547,-0.87927527,22.45304331
1.71E+12,3,0.909830073,1099.175563,2931.06153,-0.894639401,21.35148243
1.71E+12,3,0.909690137,1099.346544,2931.063438,-0.908583631,20.27836614
1.71E+12,3,0.909543706,1099.525497,2931.065268,-0.921193128,19.2343306
1.71E+12,3,0.909390989,1099.712166,2931.067022,-0.932550545,18.21991994
1.71E+12,3,0.909232206,1099.906288,2931.068699,-0.942735827,17.23558787
1.71E+12,3,0.909067581,1100.107587,2931.070298,-0.951826052,16.28169958
1.71E+12,3,0.90889735,1100.315778,2931.07182,-0.959895316,15.35853394
1.71E+12,3,0.908721754,1100.530568,2931.073265,-0.967014636,14.46628589
1.71E+12,3,0.908541043,1100.751651,2931.074634,-0.973251902,13.605069
1.71E+12,3,0.908355476,1100.978714,2931.075929,-0.978671849,12.77491836
1.71E+12,3,0.908165316,1101.211434,2931.07715,-0.983336064,11.97579354
1.71E+12,3,0.907970837,1101.449478,2931.078298,-0.987303024,11.2075817
1.71E+12,3,0.90777232,1101.692504,2931.079375,-0.990628158,10.47010093
1.71E+12,3,0.907570051,1101.94016,2931.080382,-0.993363935,9.763103597
1.71E+12,3,0.907364324,1102.192088,2931.081321,-0.995559978,9.086279859
1.71E+12,3,0.907155439,1102.447921,2931.082193,-0.997263196,8.439261223
1.71E+12,3,0.906943701,1102.707285,2931.083,-0.998517935,7.821624154
1.71E+12,3,0.906729419,1102.969801,2931.083745,-0.999366153,7.232893731
1.71E+12,3,0.906512908,1103.235082,2931.084429,-0.999847596,6.672547303
1.71E+12,3,0.906294489,1103.502739,2931.085054,-1,6.140018149
1.71E+12,3,0.906074482,1103.772373,2931.085623,-1,5.634662917
1.71E+12,3,0.905853216,1104.043585,2931.086138,-1,5.155771039
1.71E+12,3,0.905631018,1104.31597,2931.086604,-1,4.702607131
1.71E+12,3,0.905408218,1104.589123,2931.087021,-1,4.274414159
1.71E+12,3,0.905185147,1104.862639,2931.087394,-1,3.870416586
1.71E+12,3,0.904962136,1105.136109,2931.087726,-1,3.489823474
1.71E+12,3,0.904739518,1105.409123,2931.088018,-1,3.131831526
1.71E+12,3,0.904517626,1105.681272,2931.088272,-1,2.795628068
1.71E+12,3,0.904296793,1105.952144,2931.088491,-1,2.480393944
1.71E+12,3,0.904077352,1106.221331,2931.088679,-1,2.185306327
1.71E+12,3,0.903859634,1106.488424,2931.088838,-1,1.909541424
1.71E+12,3,0.903643968,1106.753017,2931.08897,-1,1.652277074
1.71E+12,3,0.903430683,1107.014705,2931.089077,-1,1.412695223
1.71E+12,3,0.903220102,1107.273087,2931.089162,-1,1.189984283
1.71E+12,3,0.903012546,1107.527769,2931.089227,-1,0.983341339
1.71E+12,3,0.902808327,1107.778365,2931.089276,-1,0.791974238
1.71E+12,3,0.902607745,1108.024505,2931.089311,-1,0.615103521
1.71E+12,3,0.902411087,1108.265833,2931.089331,-1,0.45196421
1.71E+12,3,0.902218636,1108.502001,2931.08934,-1,0.301807448
1.71E+12,3,0.902030661,1108.732675,2931.08934,-1,0.163901982
1.71E+12,3,0.901847427,1108.957531,2931.089333,-1,0.037535499
1.71E+12,3,0.901669183,1109.176255,2931.089319,-1,-0.077984199
1.71E+12,3,0.901496174,1109.388549,2931.089299,-1,-0.183328165
1.71E+12,3,0.901328632,1109.594126,2931.089276,-1,-0.279145432
1.71E+12,3,0.901166775,1109.792714,2931.089252,-1,-0.366062282
1.71E+12,3,0.901010813,1109.984055,2931.089227,-1,-0.444681664
1.71E+12,3,0.900860939,1110.167909,2931.089201,-1,-0.51558275
1.71E+12,3,0.900717334,1110.344054,2931.089174,-1,-0.579320619
1.71E+12,3,0.900580167,1110.512279,2931.089146,-1,-0.636426083
1.71E+12,3,0.900449594,1110.672392,2931.08912,-1,-0.68740563
1.71E+12,3,0.900325759,1110.824214,2931.089094,-1,-0.732741475
1.71E+12,3,0.900208794,1110.967583,2931.089069,-1,-0.772891738
1.71E+12,3,0.900098815,1111.102354,2931.089045,-1,-0.808290705
1.71E+12,3,0.899995925,1111.228401,2931.08902,-1,-0.839349194
1.71E+12,3,0.89990021,1111.345616,2931.088995,-1,-0.866454999
1.71E+12,3,0.899811743,1111.453911,2931.088969,-1,-0.889973413
1.71E+12,3,0.899730577,1111.553219,2931.088942,-1,-0.91024782
1.71E+12,3,0.899656752,1111.643491,2931.088913,-1,-0.927600339
1.71E+12,3,0.899590291,1111.724699,2931.08888,-1,-0.942332521
1.71E+12,3,0.899531201,1111.796835,2931.088842,-1,-0.954726088
1.71E+12,3,0.899479473,1111.85991,2931.088801,-1,-0.965043699
1.71E+12,3,0.899435084,1111.913952,2931.088754,-1,-0.973529745
1.71E+12,3,0.899397995,1111.959012,2931.088699,-1,-0.980411147
1.71E+12,3,0.89936815,1111.995156,2931.088636,-1,-0.985898177
1.71E+12,3,0.89934548,1112.022473,2931.088564,-1,-0.990185258
1.71E+12,3,0.899329902,1112.041065,2931.088482,-1,-0.993451771
1.71E+12,3,0.899321315,1112.051058,2931.088387,-1,-0.995862836
1.71E+12,3,0.899319606,1112.052591,2931.088278,-1,-0.997570077
1.71E+12,3,0.899324648,1112.045823,2931.088152,-1,-0.998712348
1.71E+12,3,0.8993363,1112.030929,2931.088009,-1,-0.999416437
1.71E+12,3,0.899354407,1112.0081,2931.087849,-1,-0.999797724
1.71E+12,3,0.899378801,1111.977547,2931.087668,-1,-0.999960792
1.71E+12,3,0.899409299,1111.939492,2931.087465,-1,-1
1.71E+12,3,0.899445712,1111.894174,2931.087239,-1,-1
1.71E+12,3,0.899487837,1111.84184,2931.086988,-1,-1
1.71E+12,3,0.899535466,1111.782751,2931.086711,-1,-1
1.71E+12,3,0.899588381,1111.717177,2931.086406,-1,-1
1.71E+12,3,0.899646356,1111.645394,2931.086073,-1,-1
1.71E+12,3,0.899709162,1111.56769,2931.085712,-1,-1
1.71E+12,3,0.899776562,1111.484356,2931.085322,-1,-1
1.71E+12,3,0.899848317,1111.395689,2931.084904,-1,-1
1.71E+12,3,0.899924181,1111.301991,2931.084454,-1,-1
1.71E+12,3,0.90000391,1111.203567,2931.083976,-1,-1
1.71E+12,3,0.900087255,1111.100722,2931.083467,-1,-1
1.71E+12,3,0.900173969,1110.993764,2931.082927,-1,-1
1.71E+12,3,0.900263807,1110.882995,2931.082356,-1,-1
1.71E+12,3,0.900356524,1110.768718,2931.081754,-1,-1
1.71E+12,3,0.900451876,1110.651235,2931.081122,-1,-1
1.71E+12,3,0.90054962,1110.530846,2931.080459,-1,-1
1.71E+12,3,0.900649517,1110.407846,2931.079765,-1,-1
1.71E+12,3,0.90075133,1110.282527,2931.079041,-1,-1
1.71E+12,3,0.90085483,1110.155173,2931.078289,-1,-1
1.71E+12,3,0.90095979,1110.026063,2931.077508,-1,-1
1.71E+12,3,0.901065989,1109.895469,2931.076701,-1,-1
1.71E+12,3,0.901173216,1109.763652,2931.075866,-1,-1
1.71E+12,3,0.901281262,1109.630869,2931.075006,-1,-1
1.71E+12,3,0.901389929,1109.497364,2931.074123,-1,-1
1.71E+12,3,0.901499024,1109.363373,2931.073218,-1,-1
1.71E+12,3,0.901608364,1109.229122,2931.072292,-1,-1
1.71E+12,3,0.901717778,1109.094821,2931.071347,-1,-1
1.71E+12,3,0.9018271,1108.960673,2931.070384,-1,-1
1.71E+12,3,0.901936178,1108.826864,2931.069407,-1,-1
1.71E+12,3,0.902044869,1108.69357,2931.068416,-1,-1
1.71E+12,3,0.90215304,1108.560953,2931.067414,-1,-1
1.71E+12,3,0.902260569,1108.429162,2931.0664,-1,-1
1.71E+12,3,0.902367344,1108.298333,2931.065379,-1,-1
1.71E+12,3,0.902473265,1108.168589,2931.064353,-1,-1
1.71E+12,3,0.902578239,1108.040041,2931.063322,-1,-1
1.71E+12,3,0.90268218,1107.912794,2931.062288,-1,-1
1.71E+12,3,0.902785009,1107.786943,2931.061254,-1,-1
1.71E+12,3,0.90288665,1107.662582,2931.060222,-1,-1
1.71E+12,3,0.902987032,1107.539794,2931.059194,-1,-1
1.71E+12,3,0.903086093,1107.418657,2931.058173,-1,-1
1.71E+12,3,0.903183775,1107.299238,2931.057161,-1,-1
1.71E+12,3,0.903280025,1107.181603,2931.05616,-1,-1
1.71E+12,3,0.903374795,1107.065807,2931.055172,-1,-1
1.71E+12,3,0.903468042,1106.951906,2931.054199,-1,-1
1.71E+12,3,0.903559723,1106.839947,2931.053243,-1,-1
1.71E+12,3,0.903649801,1106.72998,2931.052306,-1,-1
1.71E+12,3,0.903738235,1106.62205,2931.051391,-1,-1
1.71E+12,3,0.903824988,1106.516204,2931.050499,-1,-1
1.71E+12,3,0.903910023,1106.412488,2931.049633,-1,-1
1.71E+12,3,0.903993301,1106.310947,2931.048794,-1,-1
1.71E+12,3,0.904074784,1106.21163,2931.047985,-1,-1
1.71E+12,3,0.904154432,1106.114584,2931.047207,-1,-1
1.71E+12,3,0.9042322,1106.019866,2931.046462,-1,-1
1.71E+12,3,0.904308041,1105.927535,2931.04575,-1,-1
1.71E+12,3,0.904381902,1105.837654,2931.045074,-1,-1
1.71E+12,3,0.904453725,1105.750296,2931.044437,-1,-1
1.71E+12,3,0.904523446,1105.665542,2931.043837,-1,-1
1.71E+12,3,0.904590995,1105.583479,2931.043276,-1,-1
1.71E+12,3,0.904656291,1105.504206,2931.042756,-1,-1
1.71E+12,3,0.904719249,1105.427831,2931.042278,-1,-1
1.71E+12,3,0.904779774,1105.354474,2931.041843,-1,-1
1.71E+12,3,0.904837763,1105.284263,2931.041452,-1,-1
1.71E+12,3,0.9048931,1105.217341,2931.041106,-1,-1
1.71E+12,3,0.904945665,1105.153862,2931.040806,-1,-1
1.71E+12,3,0.904995324,1105.09399,2931.040551,-1,-1
1.71E+12,3,0.905041938,1105.037904,2931.040342,-1,-1
1.71E+12,3,0.905085357,1104.98579,2931.040179,-1,-1
1.71E+12,3,0.90512542,1104.937848,2931.040062,-1,-1
1.71E+12,3,0.905161959,1104.894292,2931.039992,-1,-1
1.71E+12,3,0.905194794,1104.855345,2931.039968,-1,-1
1.71E+12,3,0.905223739,1104.821244,2931.039991,-1,-1
1.71E+12,3,0.905248596,1104.792234,2931.04006,-1,-1
1.71E+12,3,0.905269161,1104.768572,2931.040175,-1,-1
1.71E+12,3,0.905285223,1104.750524,2931.040335,-1,-1
1.71E+12,3,0.905296561,1104.738367,2931.040539,-1,-1
1.71E+12,3,0.905302946,1104.732386,2931.040786,-1,-1
1.71E+12,3,0.905304144,1104.732878,2931.041075,-1,-1
1.71E+12,3,0.905299912,1104.740143,2931.041407,-1,-1
1.71E+12,3,0.905290006,1104.754493,2931.04178,-1,-1
1.71E+12,3,0.905274173,1104.776239,2931.042192,-1,-1
1.71E+12,3,0.905252162,1104.805701,2931.042641,-1,-1
1.71E+12,3,0.905223717,1104.843198,2931.043126,-1,-1
1.71E+12,3,0.905188582,1104.88905,2931.043646,-1,-1
1.71E+12,3,0.905146502,1104.943576,2931.044198,-1,-1
1.71E+12,3,0.905097225,1105.007094,2931.044783,-1,-1
1.71E+12,3,0.905040502,1105.079915,2931.045398,-1,-1
1.71E+12,3,0.90497609,1105.162345,2931.04604,-1,-1
1.71E+12,3,0.904903751,1105.254678,2931.046709,-1,-1
1.71E+12,3,0.904823258,1105.357203,2931.047401,-1,-1
1.71E+12,3,0.904734393,1105.470189,2931.048117,-1,-1
1.71E+12,3,0.904636951,1105.593895,2931.048853,-1,-1
1.71E+12,3,0.904530738,1105.728563,2931.04961,-1,-1
1.71E+12,3,0.904415574,1105.874418,2931.050385,-1,-1
1.71E+12,3,0.904291293,1106.031666,2931.051175,-1,-1
1.71E+12,3,0.904157743,1106.200499,2931.05198,-1,-1
1.71E+12,3,0.904014788,1106.381084,2931.052797,-1,-1
1.71E+12,3,0.903862313,1106.573568,2931.053623,-1,-1
1.71E+12,3,0.903700227,1106.778062,2931.054458,-1,-1
1.71E+12,3,0.903528467,1106.994644,2931.055298,-1,-1
1.71E+12,3,0.903346997,1107.223361,2931.056141,-1,-1
1.71E+12,3,0.903155806,1107.464223,2931.056985,-1,-1
1.71E+12,3,0.902954912,1107.71721,2931.057828,-1,-1
1.71E+12,3,0.902744361,1107.982264,2931.058668,-1,-1
1.71E+12,3,0.902524224,1108.259294,2931.059503,-1,-1
1.71E+12,3,0.902294607,1108.548169,2931.060331,-1,-1
1.71E+12,3,0.902055641,1108.848724,2931.061151,-1,-1
1.71E+12,3,0.901807491,1109.160752,2931.061959,-1,-1
1.71E+12,3,0.90155035,1109.484009,2931.062757,-1,-1
1.71E+12,3,0.901284443,1109.818216,2931.06354,-1,-1
1.71E+12,3,0.901010026,1110.163052,2931.064307,-1,-1
1.71E+12,3,0.900727387,1110.518155,2931.065058,-1,-1
1.71E+12,3,0.900436845,1110.883125,2931.065791,-1,-1
1.71E+12,3,0.900138754,1111.257519,2931.066503,-1,-1
1.71E+12,3,0.899833504,1111.640849,2931.067193,-1,-1
1.71E+12,3,0.899521516,1112.032589,2931.067859,-1,-1
1.71E+12,3,0.899203244,1112.432171,2931.068501,-1,-1
1.71E+12,3,0.898879171,1112.838988,2931.069116,-1,-1
1.71E+12,3,0.898549814,1113.252398,2931.069704,-1,-1
1.71E+12,3,0.898215713,1113.67172,2931.070262,-1,-1
1.71E+12,3,0.897877442,1114.096241,2931.07079,-1,-1
1.71E+12,3,0.897535598,1114.525212,2931.071287,-1,-1
1.71E+12,3,0.897190807,1114.957852,2931.071753,-1,-1
1.71E+12,3,0.896843718,1115.393347,2931.072185,-1,-1
1.71E+12,3,0.896495006,1115.830857,2931.072583,-1,-1
1.71E+12,3,0.896145362,1116.269517,2931.072947,-1,-1
1.71E+12,3,0.895795501,1116.708434,2931.073276,-1,-1
1.71E+12,3,0.895446151,1117.146698,2931.073568,-1,-1
1.71E+12,3,0.89509806,1117.583377,2931.073823,-1,-1
1.71E+12,3,0.894751986,1118.017522,2931.074041,-1,-1
1.71E+12,3,0.894408701,1118.448171,2931.07422,-1,-1
1.71E+12,3,0.894068986,1118.87435,2931.074362,-1,-1
1.71E+12,3,0.89373363,1119.295073,2931.074465,-1,-1
1.71E+12,3,0.893403426,1119.709353,2931.074529,-1,-1
1.71E+12,3,0.893079171,1120.116194,2931.074554,-1,-1
1.71E+12,3,0.892761661,1120.514606,2931.07454,-1,-1
1.71E+12,3,0.892451691,1120.903596,2931.074486,-1,-1
1.71E+12,3,0.892150051,1121.28218,2931.074393,-1,-1
1.71E+12,3,0.891857525,1121.649383,2931.074261,-1,-1
1.71E+12,3,0.891574887,1122.004239,2931.07409,-1,-1
1.71E+12,3,0.891302903,1122.345796,2931.07388,-1,-1
1.71E+12,3,0.891042323,1122.67312,2931.073631,-1,-1
1.71E+12,3,0.890793884,1122.985295,2931.073344,-1,-1
1.71E+12,3,0.890558303,1123.281429,2931.073019,-1,-1
1.71E+12,3,0.890336278,1123.560655,2931.072655,-1,-1
1.71E+12,3,0.890128484,1123.822134,2931.072254,-1,-1
1.71E+12,3,0.889935572,1124.065059,2931.071816,-1,-1
1.71E+12,3,0.889758164,1124.288657,2931.071341,-1,-1
1.71E+12,3,0.889596855,1124.492191,2931.070831,-1,-1
1.71E+12,3,0.889452211,1124.67496,2931.070286,-1,-1
1.71E+12,3,0.889324762,1124.836307,2931.069707,-1,-1
1.71E+12,3,0.889215006,1124.975615,2931.069093,-1,-1
1.71E+12,3,0.889123408,1125.092313,2931.068445,-1,-1
1.71E+12,3,0.88905039,1125.185876,2931.067764,-1,-1
1.71E+12,3,0.888996341,1125.255828,2931.06705,-1,-1
1.71E+12,3,0.888961607,1125.301742,2931.066305,-1,-1
1.71E+12,3,0.888946495,1125.323241,2931.065529,-1,-1
1.71E+12,3,0.888951268,1125.320004,2931.064722,-1,-1
1.71E+12,3,0.888976149,1125.29176,2931.063885,-1,-1
1.71E+12,3,0.889021314,1125.238293,2931.063018,-1,-1
1.71E+12,3,0.889086898,1125.159444,2931.062125,-1,-1
1.71E+12,3,0.889172991,1125.055107,2931.061204,-1,-1
1.71E+12,3,0.889279638,1124.925231,2931.060256,-1,-1
1.71E+12,3,0.889406845,1124.769816,2931.059281,-1,-1
1.71E+12,3,0.88955458,1124.588909,2931.058281,-1,-1
1.71E+12,3,0.889722768,1124.382612,2931.057258,-1,-1
1.71E+12,3,0.889911287,1124.151079,2931.056212,-1,-1
1.71E+12,3,0.890119974,1123.894522,2931.055142,-1,-1
1.71E+12,3,0.890348621,1123.613209,2931.054051,-1,-1
1.71E+12,3,0.890596974,1123.307459,2931.052939,-1,-1
1.71E+12,3,0.890864737,1122.977647,2931.051807,-1,-1
1.71E+12,3,0.891151574,1122.6242,2931.050656,-1,-1
1.71E+12,3,0.891457105,1122.247595,2931.049487,-1,-1
1.71E+12,3,0.891780913,1121.848357,2931.048299,-1,-1
1.71E+12,3,0.892122541,1121.42706,2931.047096,-1,-1
1.71E+12,3,0.892481496,1120.984324,2931.045877,-1,-1
1.71E+12,3,0.892857248,1120.520811,2931.044642,-1,-1
1.71E+12,3,0.893249234,1120.03723,2931.043394,-1,-1
1.71E+12,3,0.893656855,1119.534327,2931.042134,-1,-1
1.71E+12,3,0.894079486,1119.012885,2931.040862,-1,-1
1.71E+12,3,0.894516475,1118.473719,2931.039579,-1,-1
1.71E+12,3,0.894967141,1117.917678,2931.038284,-1,-1
1.71E+12,3,0.895430784,1117.345635,2931.036981,-1,-1
1.71E+12,3,0.895906681,1116.758494,2931.03567,-1,-1
1.71E+12,3,0.89639409,1116.157176,2931.034352,-1,-1
1.71E+12,3,0.896892254,1115.542625,2931.033027,-1,-1
1.71E+12,3,0.8974004,1114.915804,2931.031698,-1,-1
1.71E+12,3,0.897917742,1114.277689,2931.030365,-1,-1
1.71E+12,3,0.898443484,1113.629271,2931.029028,-1,-1
1.71E+12,3,0.898976821,1112.971548,2931.027688,-1,-1
1.71E+12,3,0.899516941,1112.305528,2931.026347,-1,-1
1.71E+12,3,0.900063029,1111.632224,2931.025006,-1,-1
1.71E+12,3,0.900614265,1110.95265,2931.023665,-1,-1
1.71E+12,3,0.901169831,1110.267821,2931.022325,-1,-1
1.71E+12,3,0.90172891,1109.578748,2931.020989,-1,-1
1.71E+12,3,0.902290688,1108.88644,2931.019657,-1,-1
1.71E+12,3,0.902854357,1108.191893,2931.018331,-1,-1
1.71E+12,3,0.903419118,1107.496098,2931.017011,-1,-1
1.71E+12,3,0.903984177,1106.800032,2931.0157,-1,-1
1.71E+12,3,0.904548755,1106.104658,2931.014398,-1,-1
1.71E+12,3,0.905112083,1105.410925,2931.013108,-1,-1
1.71E+12,3,0.905673407,1104.719761,2931.011828,-1,-1
1.71E+12,3,0.906231987,1104.032077,2931.01056,-1,-1
1.71E+12,3,0.906787101,1103.348761,2931.009307,-1,-1
1.71E+12,3,0.907338047,1102.670678,2931.008069,-1,-1
1.71E+12,3,0.907884139,1101.998668,2931.006847,-1,-1
1.71E+12,3,0.908424715,1101.333543,2931.00564,-1,-1
1.71E+12,3,0.908959135,1100.67609,2931.004451,-1,-1
1.71E+12,3,0.909486779,1100.027065,2931.00328,-1,-1
1.71E+12,3,0.910007056,1099.387195,2931.002129,-1,-1
1.71E+12,3,0.910519395,1098.757174,2931.000999,-1,-1
1.71E+12,3,0.911023254,1098.137665,2930.999892,-1,-1
1.71E+12,3,0.911518117,1097.529298,2930.99881,-1,-1
1.71E+12,3,0.912003492,1096.932669,2930.997754,-1,-1
1.71E+12,3,0.912478919,1096.34834,2930.996724,-1,-1
1.71E+12,3,0.912943965,1095.776836,2930.995723,-1,-1
1.71E+12,3,0.913398223,1095.218649,2930.99475,-1,-1
1.71E+12,3,0.913841319,1094.674232,2930.993806,-1,-1
1.71E+12,3,0.914272903,1094.144007,2930.992894,-1,-1
1.71E+12,3,0.914692655,1093.628359,2930.992014,-1,-1
1.71E+12,3,0.915100284,1093.127637,2930.991166,-1,-1
1.71E+12,3,0.915495525,1092.642159,2930.990351,-1,-1
1.71E+12,3,0.915878144,1092.172204,2930.989573,-1,-1
1.71E+12,3,0.916247932,1091.718018,2930.988832,-1,-1
1.71E+12,3,0.916604709,1091.279815,2930.988128,-1,-1
1.71E+12,3,0.916948322,1090.857772,2930.987461,-1,-1
1.71E+12,3,0.917278645,1090.452037,2930.986835,-1,-1
1.71E+12,3,0.917595576,1090.062726,2930.986249,-1,-1
1.71E+12,3,0.917899037,1089.689923,2930.985704,-1,-1
1.71E+12,3,0.918188976,1089.333686,2930.985202,-1,-1
1.71E+12,3,0.918465364,1088.99404,2930.984742,-1,-1
1.71E+12,3,0.918728194,1088.670986,2930.984328,-0.999867221,-0.999955029
1.71E+12,3,0.918977483,1088.364495,2930.983959,-0.999447771,-0.999767997
1.71E+12,3,0.919213267,1088.074512,2930.983637,-0.998708776,-0.999330676
1.71E+12,3,0.919435606,1087.800958,2930.983363,-0.997615604,-0.998523112
1.71E+12,3,0.919644579,1087.543728,2930.983139,-0.996131704,-0.997212971
1.71E+12,3,0.919840287,1087.302689,2930.982964,-0.994218437,-0.995254832
1.71E+12,3,0.920022852,1087.077684,2930.982839,-0.991834936,-0.992489431
1.71E+12,3,0.920192418,1086.868529,2930.982765,-0.988937968,-0.988742866
1.71E+12,3,0.920349143,1086.675024,2930.982741,-0.985481819,-0.983825748
1.71E+12,3,0.920493202,1086.496948,2930.982769,-0.981418198,-0.977532336
1.71E+12,3,0.920624781,1086.334064,2930.98285,-0.976696159,-0.96963963
1.71E+12,3,0.920744081,1086.186122,2930.982982,-0.971262043,-0.959906461
1.71E+12,3,0.920851314,1086.052856,2930.983167,-0.965059452,-0.948072555
1.71E+12,3,0.920946701,1085.933989,2930.983404,-0.958029239,-0.933857608
1.71E+12,3,0.921030474,1085.829231,2930.983694,-0.950109529,-0.916960359
1.71E+12,3,0.921102875,1085.738284,2930.984036,-0.94123577,-0.897057684
1.71E+12,3,0.921164154,1085.660835,2930.984431,-0.931340807,-0.873803715
1.71E+12,3,0.921214567,1085.596568,2930.98488,-0.920354989,-0.846828993
1.71E+12,3,0.921254376,1085.545158,2930.985382,-0.908206308,-0.815739672
1.71E+12,3,0.921283847,1085.506278,2930.985934,-0.894820561,-0.780116774
1.71E+12,3,0.921303249,1085.479594,2930.986538,-0.880121549,-0.739515513
1.71E+12,3,0.921312858,1085.464768,2930.987191,-0.864031305,-0.693464698
1.71E+12,3,0.92131295,1085.461462,2930.987894,-0.846470352,-0.641466218
1.71E+12,3,0.921303803,1085.469333,2930.988646,-0.827357984,-0.582994629
1.71E+12,3,0.921285699,1085.488037,2930.989444,-0.806612587,-0.517496845
1.71E+12,3,0.921258918,1085.517228,2930.990289,-0.784151979,-0.444391948
1.71E+12,3,0.921223744,1085.556564,2930.99118,-0.759893777,-0.363071117
1.71E+12,3,0.921180457,1085.605699,2930.992116,-0.733755796,-0.272897693
1.71E+12,3,0.921129338,1085.664291,2930.993095,-0.705656457,-0.173207391
1.71E+12,3,0.921070669,1085.731999,2930.994116,-0.675515235,-0.063353623
1.71E+12,3,0.921004726,1085.808485,2930.995177,-0.643253108,0.057284842
1.71E+12,3,0.920931784,1085.893415,2930.996276,-0.608793035,0.189344195
1.71E+12,3,0.920852116,1085.986458,2930.997413,-0.572060443,0.333474153
1.71E+12,3,0.920765992,1086.087287,2930.998583,-0.532983728,0.490336304
1.71E+12,3,0.920673678,1086.195579,2930.999786,-0.491494765,0.660602226
1.71E+12,3,0.920575435,1086.311018,2931.001021,-0.447529419,0.844951373
1.71E+12,3,0.920471524,1086.433291,2931.002285,-0.40102807,1.044068753
1.71E+12,3,0.920362196,1086.562092,2931.003574,-0.351936129,1.258642378
1.71E+12,3,0.920247703,1086.697118,2931.004885,-0.300204551,1.489360515
1.71E+12,3,0.92012829,1086.838075,2931.006216,-0.245790348,1.736908737
1.71E+12,3,0.920004195,1086.984674,2931.007564,-0.188657086,2.001966783
1.71E+12,3,0.919875655,1087.136632,2931.008925,-0.128775373,2.285205244
1.71E+12,3,0.9197429,1087.293671,2931.010297,-0.066123331,2.58728209
1.71E+12,3,0.919606155,1087.455522,2931.011677,-6.87E-04,2.908839047
1.71E+12,3,0.919465641,1087.62192,2931.013062,0.067539017,3.250497851
1.71E+12,3,0.919321576,1087.792602,2931.014451,0.138551578,3.612856385
1.71E+12,3,0.919174181,1087.967305,2931.01584,0.212338205,3.99648473
1.71E+12,3,0.919023674,1088.145767,2931.017226,0.288876952,4.401921146
1.71E+12,3,0.918870271,1088.32773,2931.018607,0.368136057,4.829668006
1.71E+12,3,0.918714189,1088.512935,2931.01998,0.450073675,5.280187701
1.71E+12,3,0.918555648,1088.701121,2931.021345,0.534637644,5.75389855
1.71E+12,3,0.918394865,1088.892026,2931.022697,0.621765302,6.25117073
1.71E+12,3,0.918232061,1089.085391,2931.024033,0.71138334,6.772322256
1.71E+12,3,0.918067453,1089.280955,2931.025351,0.803407709,7.317615037
1.71E+12,3,0.917901261,1089.478459,2931.02665,0.897743571,7.887251024
1.71E+12,3,0.917733703,1089.677643,2931.027925,0.994285297,8.481368494
1.71E+12,3,0.917564996,1089.878251,2931.029175,1.092916523,9.100038477
1.71E+12,3,0.917395355,1090.080027,2931.030399,1.19351025,9.743261359
1.71E+12,3,0.917224995,1090.282718,2931.031595,1.295928999,10.41096369
1.71E+12,3,0.917054128,1090.486072,2931.032761,1.400025021,11.10299522
1.71E+12,3,0.916882967,1090.689837,2931.033896,1.505640556,11.81912618
1.71E+12,3,0.916711726,1090.893762,2931.034997,1.612608144,12.55904481
1.71E+12,3,0.916540617,1091.097593,2931.036064,1.720750991,13.32235523
1.71E+12,3,0.916369859,1091.301075,2931.037095,1.829883385,14.1085756
1.71E+12,3,0.916199667,1091.50395,2931.038091,1.93981116,14.91713657
1.71E+12,3,0.916030265,1091.705958,2931.039048,2.050332206,15.74738018
1.71E+12,3,0.915861872,1091.906837,2931.039966,2.161237035,16.59855901
1.71E+12,3,0.915694709,1092.106326,2931.040847,2.272309382,17.46983577
1.71E+12,3,0.915528994,1092.304171,2931.041689,2.383326851,18.36028332
1.71E+12,3,0.915364941,1092.500115,2931.042492,2.494061602,19.26888499
1.71E+12,3,0.915202771,1092.693901,2931.043257,2.604281077,20.19453541
1.71E+12,3,0.915042705,1092.885265,2931.043984,2.713748756,21.13604166
1.71E+12,3,0.91488497,1093.07394,2931.044672,2.822224945,22.09212497
1.71E+12,3,0.914729797,1093.259652,2931.045323,2.92946759,23.06142268
1.71E+12,3,0.914577421,1093.442124,2931.045938,3.035233122,24.04249077
1.71E+12,3,0.91442808,1093.621074,2931.046519,3.139277308,25.0338067
1.71E+12,3,0.914282017,1093.796216,2931.047066,3.241356135,26.03377271
1.71E+12,3,0.914139475,1093.967259,2931.04758,3.341226689,27.04071956
1.71E+12,3,0.914000703,1094.13391,2931.048065,3.438648055,28.05291055
1.71E+12,3,0.913865953,1094.295872,2931.04852,3.53338221,29.06854604
1.71E+12,3,0.913735478,1094.452844,2931.048949,3.625194927,30.08576831
1.71E+12,3,0.913609533,1094.604524,2931.049354,3.71385666,31.10266668
1.71E+12,3,0.913488375,1094.750606,2931.049739,3.799143429,32.11728312
1.71E+12,3,0.913372264,1094.890785,2931.050107,3.88083769,33.12761802
1.71E+12,3,0.913261458,1095.024753,2931.050461,3.95872918,34.13163632
1.71E+12,3,0.913156217,1095.152202,2931.050801,4.032615752,35.12727394
1.71E+12,3,0.9130568,1095.272824,2931.051131,4.102304167,36.11244433
1.71E+12,3,0.912963466,1095.386313,2931.051453,4.167610873,37.08504536
1.71E+12,3,0.912876471,1095.492364,2931.051771,4.228362735,38.04296628
1.71E+12,3,0.91279607,1095.590676,2931.052088,4.284397734,38.98409493
1.71E+12,3,0.912722512,1095.68095,2931.052406,4.335565623,39.90632496
1.71E+12,3,0.912656044,1095.762894,2931.052729,4.38172854,40.80756319
1.71E+12,3,0.912596909,1095.836221,2931.05306,4.422761566,41.68573706
1.71E+12,3,0.912545342,1095.900648,2931.053402,4.458553239,42.538802
1.71E+12,3,0.912501574,1095.955902,2931.053757,4.489006011,43.36474887
1.71E+12,3,0.912465829,1096.001717,2931.054127,4.51403665,44.16161128
1.71E+12,3,0.91243832,1096.037836,2931.054515,4.533576582,44.92747285
1.71E+12,3,0.912419255,1096.064014,2931.054926,4.547572177,45.66047439
1.71E+12,3,0.912408832,1096.080013,2931.055359,4.555984966,46.35882082
1.71E+12,3,0.912407241,1096.085605,2931.055816,4.558791804,47.02078799
1.71E+12,3,0.91241467,1096.080569,2931.0563,4.555984966,47.64472926
1.71E+12,3,0.912431296,1096.064692,2931.056813,4.547572177,48.22908176
1.71E+12,3,0.912457288,1096.037772,2931.057357,4.533576582,48.77237246
1.71E+12,3,0.912492805,1095.999622,2931.057933,4.51403665,49.27322384
1.71E+12,3,0.912537991,1095.950067,2931.058543,4.489006011,49.73035927
1.71E+12,3,0.912592983,1095.888947,2931.059187,4.458553239,50.14260798
1.71E+12,3,0.912657901,1095.816115,2931.059869,4.422761566,50.50890968
1.71E+12,3,0.912732856,1095.731444,2931.060587,4.38172854,50.82831868
1.71E+12,3,0.91281794,1095.63482,2931.061342,4.335565623,51.10000769
1.71E+12,3,0.912913232,1095.52615,2931.062136,4.284397734,51.32327105
1.71E+12,3,0.913018797,1095.405357,2931.062966,4.228362735,51.49752751
1.71E+12,3,0.913134683,1095.272382,2931.063834,4.167610873,51.62232261
1.71E+12,3,0.913260926,1095.127185,2931.06474,4.102304167,51.69733041
1.71E+12,3,0.913397544,1094.969742,2931.065685,4.032615752,51.72235482
1.71E+12,3,0.913544544,1094.800046,2931.066666,3.95872918,51.69733041
1.71E+12,3,0.913701914,1094.618112,2931.067684,3.88083769,51.62232261
1.71E+12,3,0.91386963,1094.423968,2931.068736,3.799143429,51.49752751
1.71E+12,3,0.914047652,1094.217662,2931.06982,3.71385666,51.32327105
1.71E+12,3,0.914235925,1093.99926,2931.070933,3.625194927,51.10000769
1.71E+12,3,0.914434382,1093.768846,2931.072073,3.53338221,50.82831868
1.71E+12,3,0.914642938,1093.526518,2931.07324,3.438648055,50.50890968
1.71E+12,3,0.914861498,1093.272394,2931.074431,3.341226689,50.14260798
1.71E+12,3,0.915089953,1093.006605,2931.075643,3.241356135,49.73035927
1.71E+12,3,0.915328179,1092.729299,2931.076874,3.139277308,49.27322384
1.71E+12,3,0.915576044,1092.440638,2931.078119,3.035233122,48.77237246
1.71E+12,3,0.915833401,1092.140799,2931.079376,2.92946759,48.22908176
1.71E+12,3,0.916100094,1091.829971,2931.080641,2.822224945,47.64472926
1.71E+12,3,0.916375957,1091.508357,2931.08191,2.713748756,47.02078799
1.71E+12,3,0.916660813,1091.176169,2931.08318,2.604281077,46.35882082
1.71E+12,3,0.916954479,1090.833633,2931.084448,2.494061602,45.66047439
1.71E+12,3,0.917256762,1090.480982,2931.085709,2.383326851,44.92747285
1.71E+12,3,0.917567461,1090.118461,2931.08696,2.272309382,44.16161128
1.71E+12,3,0.917886369,1089.746322,2931.088197,2.161237035,43.36474887
1.71E+12,3,0.918213276,1089.364825,2931.089415,2.050332206,42.538802
1.71E+12,3,0.918547963,1088.974234,2931.090611,1.93981116,41.68573706
1.71E+12,3,0.91889021,1088.574821,2931.091782,1.829883385,40.80756319
1.71E+12,3,0.919239792,1088.166861,2931.092925,1.720750991,39.90632496
1.71E+12,3,0.919596485,1087.750631,2931.094036,1.612608144,38.98409493
1.71E+12,3,0.919960059,1087.326412,2931.09511,1.505640556,38.04296628
1.71E+12,3,0.920330287,1086.894486,2931.096145,1.400025021,37.08504536
1.71E+12,3,0.920706941,1086.455133,2931.097137,1.295928999,36.11244433
1.71E+12,3,0.921089794,1086.008635,2931.098083,1.19351025,35.12727394
1.71E+12,3,0.921478622,1085.555271,2931.098978,1.092916523,34.13163632
1.71E+12,3,0.921873201,1085.095317,2931.099821,0.994285297,33.12761802
1.71E+12,3,0.922273311,1084.629049,2931.10061,0.897743571,32.11728312
1.71E+12,3,0.922678735,1084.156736,2931.101342,0.803407709,31.10266668
1.71E+12,3,0.923089261,1083.678645,2931.102014,0.71138334,30.08576831
1.71E+12,3,0.923504681,1083.195035,2931.102625,0.621765302,29.06854604
1.71E+12,3,0.923924793,1082.706161,2931.103171,0.534637644,28.05291055
1.71E+12,3,0.924349398,1082.212273,2931.103653,0.450073675,27.04071956
1.71E+12,3,0.924778306,1081.71361,2931.104068,0.368136057,26.03377271
1.71E+12,3,0.925211333,1081.210406,2931.104416,0.288876952,25.0338067
1.71E+12,3,0.9256483,1080.702887,2931.104695,0.212338205,24.04249077
1.71E+12,3,0.926089036,1080.191272,2931.104903,0.138551578,23.06142268
1.71E+12,3,0.926533376,1079.675771,2931.105041,0.067539017,22.09212497
1.71E+12,3,0.926981162,1079.156584,2931.105111,-6.87E-04,21.13604166
1.71E+12,3,0.927432242,1078.633907,2931.10511,-0.066123331,20.19453541
1.71E+12,3,0.927886473,1078.107923,2931.105041,-0.128775373,19.26888499
1.71E+12,3,0.928343717,1077.578809,2931.104904,-0.188657086,18.36028332
1.71E+12,3,0.928803844,1077.046734,2931.104699,-0.245790348,17.46983577
1.71E+12,3,0.929266727,1076.51186,2931.104429,-0.300204551,16.59855901
1.71E+12,3,0.929732248,1075.974338,2931.104093,-0.351936129,15.74738018
1.71E+12,3,0.930200295,1075.434316,2931.103695,-0.40102807,14.91713657
1.71E+12,3,0.930670758,1074.891931,2931.103235,-0.447529419,14.1085756
1.71E+12,3,0.931143536,1074.347317,2931.102715,-0.491494765,13.32235523
1.71E+12,3,0.93161853,1073.8006,2931.102139,-0.532983728,12.55904481
1.71E+12,3,0.932095645,1073.2519,2931.101507,-0.572060443,11.81912618
1.71E+12,3,0.93257479,1072.701333,2931.100824,-0.608793035,11.10299522
1.71E+12,3,0.933055878,1072.149012,2931.100091,-0.643253108,10.41096369
1.71E+12,3,0.933538821,1071.595042,2931.099313,-0.675515235,9.743261359
1.71E+12,3,0.934023538,1071.03953,2931.098493,-0.705656457,9.100038477
1.71E+12,3,0.934509943,1070.482576,2931.097636,-0.733755796,8.481368494
1.71E+12,3,0.934997955,1069.924283,2931.096745,-0.759893777,7.887251024
1.71E+12,3,0.93548749,1069.364749,2931.095825,-0.784151979,7.317615037
1.71E+12,3,0.935978465,1068.804075,2931.094879,-0.806612587,6.772322256
1.71E+12,3,0.936470793,1068.242362,2931.093912,-0.827357984,6.25117073
1.71E+12,3,0.936964387,1067.67971,2931.092927,-0.846470352,5.75389855
1.71E+12,3,0.937459157,1067.116226,2931.091929,-0.864031305,5.280187701
1.71E+12,3,0.937955006,1066.552014,2931.090921,-0.880121549,4.829668006
1.71E+12,3,0.938451839,1065.987186,2931.089907,-0.894820561,4.401921146
1.71E+12,3,0.938949552,1065.421855,2931.088891,-0.908206308,3.99648473
1.71E+12,3,0.939448037,1064.85614,2931.087876,-0.920354989,3.612856385
1.71E+12,3,0.939947182,1064.290164,2931.086868,-0.931340807,3.250497851
1.71E+12,3,0.940446868,1063.724058,2931.085869,-0.94123577,2.908839047
1.71E+12,3,0.940946968,1063.157957,2931.084885,-0.950109529,2.58728209
1.71E+12,3,0.941447352,1062.592002,2931.083919,-0.958029239,2.285205244
1.71E+12,3,0.941947881,1062.026343,2931.082977,-0.965059452,2.001966783
1.71E+12,3,0.94244841,1061.461136,2931.082061,-0.971262043,1.736908737
1.71E+12,3,0.942948783,1060.896545,2931.081176,-0.976696159,1.489360515
1.71E+12,3,0.943448841,1060.332741,2931.080324,-0.981418198,1.258642378
1.71E+12,3,0.943948416,1059.769904,2931.079511,-0.985481819,1.044068753
1.71E+12,3,0.944447331,1059.20822,2931.078738,-0.988937968,0.844951373
1.71E+12,3,0.944945402,1058.647886,2931.078009,-0.991834936,0.660602226
1.71E+12,3,0.94544244,1058.089102,2931.077327,-0.994218437,0.490336304
1.71E+12,3,0.945938246,1057.532081,2931.076695,-0.996131704,0.333474153
1.71E+12,3,0.946432615,1056.977039,2931.076114,-0.997615604,0.189344195
1.71E+12,3,0.946925335,1056.424203,2931.075588,-0.998708776,0.057284842
1.71E+12,3,0.947416187,1055.873804,2931.075118,-0.999447771,-0.063353623
1.71E+12,3,0.947904947,1055.326081,2931.074705,-0.999867221,-0.173207391
1.71E+12,3,0.948391385,1054.781278,2931.074352,-1,-0.272897693
1.71E+12,3,0.948875266,1054.239646,2931.074058,-1,-0.363071117
1.71E+12,3,0.94935635,1053.70144,2931.073826,-1,-0.444391948
1.71E+12,3,0.949834395,1053.166918,2931.073655,-1,-0.517496845
1.71E+12,3,0.950309153,1052.636343,2931.073545,-1,-0.582994629
1.71E+12,3,0.950780379,1052.109978,2931.073499,-1,-0.641466218
1.71E+12,3,0.951247828,1051.588083,2931.073515,-1,-0.693464698
1.71E+12,3,0.951711257,1051.070919,2931.073593,-1,-0.739515513
1.71E+12,3,0.952170421,1050.558744,2931.073734,-1,-0.780116774
1.71E+12,3,0.952625082,1050.051816,2931.073938,-1,-0.815739672
1.71E+12,3,0.953075001,1049.55039,2931.074203,-1,-0.846828993
1.71E+12,3,0.953519943,1049.054716,2931.074529,-1,-0.873803715
1.71E+12,3,0.953959679,1048.56504,2931.074914,-1,-0.897057684
1.71E+12,3,0.954393982,1048.081603,2931.075356,-1,-0.916960359
1.71E+12,3,0.954822635,1047.60464,2931.075856,-1,-0.933857608
1.71E+12,3,0.955245424,1047.134377,2931.076412,-1,-0.948072555
1.71E+12,3,0.955662147,1046.671034,2931.077019,-1,-0.959906461
1.71E+12,3,0.956072608,1046.214818,2931.077676,-1,-0.96963963
1.71E+12,3,0.95647662,1045.765929,2931.07838,-1,-0.977532336
1.71E+12,3,0.95687401,1045.324555,2931.079129,-1,-0.983825748
1.71E+12,3,0.957264612,1044.89087,2931.079921,-1,-0.988742866
1.71E+12,3,0.957648273,1044.465038,2931.080753,-1,-0.992489431
1.71E+12,3,0.958024855,1044.047208,2931.081621,-1,-0.995254832
1.71E+12,3,0.958394231,1043.637515,2931.082525,-1,-0.997212971
1.71E+12,3,0.958756288,1043.236079,2931.083459,-1,-0.998523112
1.71E+12,3,0.959110927,1042.843004,2931.08442,-1,-0.999330676
1.71E+12,3,0.959458066,1042.458377,2931.085405,-1,-0.999767997
1.71E+12,3,0.959797637,1042.08227,2931.086412,-1,-0.999955029
1.71E+12,3,0.960129587,1041.714738,2931.087436,-1,-1
1.71E+12,3,0.96045388,1041.355816,2931.088474,-1,-1
1.71E+12,3,0.960770498,1041.005523,2931.089522,-1,-1
1.71E+12,3,0.961079436,1040.66386,2931.090579,-1,-1
1.71E+12,3,0.961380709,1040.330809,2931.091639,-1,-1
1.71E+12,3,0.961674346,1040.006335,2931.0927,-1,-1
1.71E+12,3,0.961960394,1039.690385,2931.093759,-1,-1
1.71E+12,3,0.962238916,1039.382886,2931.094811,-1,-1
1.71E+12,3,0.962509989,1039.083752,2931.095852,-1,-1
1.71E+12,3,0.96277371,1038.792875,2931.09688,-1,-1
1.71E+12,3,0.963030188,1038.510133,2931.097891,-1,-1
1.71E+12,3,0.963279547,1038.235386,2931.098882,-1,-1
1.71E+12,3,0.963521928,1037.96848,2931.099852,-1,-1
1.71E+12,3,0.963757484,1037.709244,2931.100796,-1,-1
1.71E+12,3,0.96398638,1037.457495,2931.101713,-1,-1
1.71E+12,3,0.964208795,1037.213034,2931.102599,-1,-1
1.71E+12,3,0.964424919,1036.975652,2931.10345,-1,-1
1.71E+12,3,0.96463495,1036.745128,2931.104264,-1,-1
1.71E+12,3,0.964839097,1036.521234,2931.10504,-1,-1
1.71E+12,3,0.965037571,1036.303736,2931.105772,-1,-1
1.71E+12,3,0.965230588,1036.092396,2931.106459,-1,-1
1.71E+12,3,0.965418374,1035.886965,2931.107099,-1,-1
1.71E+12,3,0.965601155,1035.687195,2931.107689,-1,-1
1.71E+12,3,0.965779162,1035.492832,2931.108227,-1,-1
1.71E+12,3,0.965952627,1035.30362,2931.10871,-1,-1
1.71E+12,3,0.966121788,1035.119297,2931.109139,-1,-1
1.71E+12,3,0.966286885,1034.939599,2931.109511,-1,-1
1.71E+12,3,0.966448157,1034.764262,2931.109826,-1,-1
1.71E+12,3,0.966605849,1034.593017,2931.110082,-1,-1
1.71E+12,3,0.966760202,1034.425597,2931.110278,-1,-1
1.71E+12,3,0.966911462,1034.261732,2931.110413,-1,-1
1.71E+12,3,0.967059869,1034.101154,2931.110487,-1,-1
1.71E+12,3,0.967205664,1033.9436,2931.110499,-1,-1
1.71E+12,3,0.967349082,1033.788809,2931.110448,-1,-1
1.71E+12,3,0.967490351,1033.636527,2931.110333,-1,-1
1.71E+12,3,0.967629697,1033.486506,2931.110156,-1,-1
1.71E+12,3,0.967767335,1033.338507,2931.109916,-1,-1
1.71E+12,3,0.967903473,1033.192297,2931.109615,-1,-1
1.71E+12,3,0.968038311,1033.047656,2931.109253,-1,-1
1.71E+12,3,0.968172038,1032.904373,2931.108831,-1,-1
1.71E+12,3,0.968304833,1032.762248,2931.108349,-1,-1
1.71E+12,3,0.968436866,1032.621091,2931.107808,-1,-1
1.71E+12,3,0.968568299,1032.480721,2931.10721,-1,-1
1.71E+12,3,0.96869928,1032.340972,2931.106556,-1,-1
1.71E+12,3,0.968829946,1032.201688,2931.105848,-1,-1
1.71E+12,3,0.968960418,1032.062732,2931.105089,-1,-1
1.71E+12,3,0.969090807,1031.923979,2931.104278,-1,-1
1.71E+12,3,0.969221206,1031.78532,2931.103419,-1,-1
1.71E+12,3,0.969351697,1031.646662,2931.102512,-1,-1
1.71E+12,3,0.969482346,1031.507926,2931.101561,-1,-1
1.71E+12,3,0.969613207,1031.369048,2931.100567,-1,-1
1.71E+12,3,0.969744317,1031.22998,2931.099532,-1,-1
1.71E+12,3,0.9698757,1031.090692,2931.098457,-1,-1
1.71E+12,3,0.970007366,1030.951166,2931.097346,-1,-1
1.71E+12,3,0.970139311,1030.811401,2931.096201,-1,-1
1.71E+12,3,0.970271515,1030.67141,2931.095021,-1,-1
1.71E+12,3,0.970403947,1030.531223,2931.093811,-1,-1
1.71E+12,3,0.970536561,1030.390881,2931.092572,-1,-1
1.71E+12,3,0.970669299,1030.250442,2931.091309,-1,-1
1.71E+12,3,0.970802091,1030.109975,2931.090023,-1,-1
1.71E+12,3,0.970934855,1029.969563,2931.088717,-1,-1
1.71E+12,3,0.971067496,1029.829302,2931.087395,-1,-1
1.71E+12,3,0.97119991,1029.689298,2931.086059,-1,-1
1.71E+12,3,0.971331982,1029.549668,2931.084711,-1,-1
1.71E+12,3,0.971463588,1029.410542,2931.083354,-1,-1
1.71E+12,3,0.971594595,1029.272058,2931.08199,-1,-1
1.71E+12,3,0.97172486,1029.134362,2931.080622,-1,-1
1.71E+12,3,0.971854233,1028.997611,2931.079253,-1,-1
1.71E+12,3,0.971982556,1028.861969,2931.077885,-1,-1
1.71E+12,3,0.972109667,1028.727608,2931.076523,-1,-1
1.71E+12,3,0.972235394,1028.594704,2931.075168,-1,-1
1.71E+12,3,0.972359562,1028.463442,2931.073823,-1,-1
1.71E+12,3,0.972481988,1028.334015,2931.072492,-1,-1
1.71E+12,3,0.97260248,1028.206624,2931.071176,-1,-1
1.71E+12,3,0.972720843,1028.081475,2931.069877,-1,-1
1.71E+12,3,0.972836878,1027.958777,2931.068598,-1,-1
1.71E+12,3,0.972950387,1027.838741,2931.067341,-1,-1
1.71E+12,3,0.973061169,1027.721575,2931.066107,-1,-1
1.71E+12,3,0.973169027,1027.607491,2931.064901,-1,-1
1.71E+12,3,0.973273763,1027.496696,2931.063722,-1,-1
1.71E+12,3,0.973375182,1027.389396,2931.062575,-1,-1
1.71E+12,3,0.973473092,1027.285794,2931.061459,-1,-1
1.71E+12,3,0.973567306,1027.186089,2931.060379,-1,-1
1.71E+12,3,0.973657639,1027.090475,2931.059336,-1,-1
1.71E+12,3,0.973743912,1026.999141,2931.058332,-1,-1
1.71E+12,3,0.973825951,1026.912272,2931.057366,-1,-1
1.71E+12,3,0.973903588,1026.830046,2931.056439,-1,-1
1.71E+12,3,0.973976662,1026.752634,2931.055554,-1,-1
1.71E+12,3,0.974045015,1026.680201,2931.054713,-1,-1
1.71E+12,3,0.974108502,1026.612904,2931.053917,-1,-1
1.71E+12,3,0.974166979,1026.550893,2931.053167,-1,-1
1.71E+12,3,0.974220316,1026.494308,2931.052464,-1,-1
1.71E+12,3,0.974268387,1026.443282,2931.051809,-1,-1
1.71E+12,3,0.974311076,1026.397939,2931.051202,-1,-1
1.71E+12,3,0.974348277,1026.358392,2931.050644,-1,-1
1.71E+12,3,0.974379891,1026.324745,2931.050136,-1,-1
1.71E+12,3,0.97440583,1026.297094,2931.04968,-1,-1
1.71E+12,3,0.974426014,1026.275523,2931.049276,-1,-1
1.71E+12,3,0.974440375,1026.260107,2931.048925,-1,-1
1.71E+12,3,0.974448852,1026.25091,2931.048628,-1,-1
1.71E+12,3,0.974451397,1026.247986,2931.048385,-1,-1
1.71E+12,3,0.974447968,1026.251378,2931.048196,-1,-1
1.71E+12,3,0.974438537,1026.26112,2931.048061,-1,-1
1.71E+12,3,0.974423083,1026.277233,2931.04798,-1,-1
1.71E+12,3,0.974401597,1026.299729,2931.047954,-1,-1
1.71E+12,3,0.974374079,1026.328611,2931.047982,-1,-1
1.71E+12,3,0.974340537,1026.36387,2931.048064,-1,-1
1.71E+12,3,0.974300992,1026.405487,2931.048201,-1,-1
1.71E+12,3,0.974255472,1026.453435,2931.048393,-1,-1
1.71E+12,3,0.974204014,1026.507673,2931.048638,-1,-1
1.71E+12,3,0.974146666,1026.568156,2931.048938,-1,-1
1.71E+12,3,0.974083482,1026.634827,2931.049293,-1,-1
1.71E+12,3,0.974014525,1026.70762,2931.049703,-1,-1
1.71E+12,3,0.973939869,1026.786463,2931.050166,-1,-1
1.71E+12,3,0.973859591,1026.871271,2931.050682,-1,-1
1.71E+12,3,0.973773778,1026.961958,2931.051252,-1,-1
1.71E+12,3,0.973682525,1027.058423,2931.051874,-1,-1
1.71E+12,3,0.973585932,1027.160565,2931.052547,-1,-1
1.71E+12,3,0.973484104,1027.268271,2931.05327,-1,-1
1.71E+12,3,0.973377155,1027.381426,2931.054044,-1,-1
1.71E+12,3,0.973265203,1027.499907,2931.054868,-1,-1
1.71E+12,3,0.97314837,1027.623585,2931.055741,-1,-1
1.71E+12,3,0.973026784,1027.752328,2931.056663,-1,-1
1.71E+12,3,0.972900575,1027.885998,2931.057633,-1,-1
1.71E+12,3,0.97276988,1028.024456,2931.05865,-1,-1
1.71E+12,3,0.972634835,1028.167557,2931.059713,-1,-1
1.71E+12,3,0.972495582,1028.315155,2931.060822,-1,-1
1.71E+12,3,0.972352264,1028.467099,2931.061974,-1,-1
1.71E+12,3,0.972205025,1028.623237,2931.063169,-1,-1
1.71E+12,3,0.972054014,1028.783418,2931.064404,-1,-1
1.71E+12,3,0.971899376,1028.947486,2931.065678,-1,-1
1.71E+12,3,0.971741261,1029.115286,2931.066992,-1,-1
1.71E+12,3,0.971579816,1029.286663,2931.068344,-1,-1
1.71E+12,3,0.97141519,1029.461463,2931.069733,-1,-1
1.71E+12,3,0.971247531,1029.639529,2931.071159,-1,-1
1.71E+12,3,0.971076987,1029.820708,2931.072618,-1,-1
1.71E+12,3,0.970903702,1030.004846,2931.07411,-1,-1
1.71E+12,3,0.970727822,1030.191793,2931.075634,-1,-1
1.71E+12,3,0.97054949,1030.381398,2931.077186,-1,-1
1.71E+12,3,0.970368846,1030.573514,2931.078766,-1,-1
1.71E+12,3,0.970186029,1030.767994,2931.080371,-1,-1
1.71E+12,3,0.970001175,1030.964697,2931.081997,-1,-1
1.71E+12,3,0.969814418,1031.163483,2931.083644,-1,-1
1.71E+12,3,0.969625888,1031.364213,2931.08531,-1,-1
1.71E+12,3,0.969435711,1031.566756,2931.086989,-1,-1
1.71E+12,3,0.969244014,1031.770979,2931.088681,-1,-1
1.71E+12,3,0.969050917,1031.976755,2931.090382,-1,-1
1.71E+12,3,0.968856537,1032.183961,2931.092089,-1,-1
1.71E+12,3,0.96866099,1032.392475,2931.093801,-1,-1
1.71E+12,3,0.968464386,1032.602181,2931.095513,-1,-1
1.71E+12,3,0.968266832,1032.812966,2931.097223,-1,-1
1.71E+12,3,0.968068432,1033.024721,2931.098928,-1,-1
1.71E+12,3,0.967869286,1033.237341,2931.100624,-1,-1
1.71E+12,3,0.967669489,1033.450725,2931.102309,-1,-1
1.71E+12,3,0.967469135,1033.664773,2931.103979,-1,-1
1.71E+12,3,0.967268313,1033.879393,2931.105631,-1,-1
1.71E+12,3,0.967067108,1034.094493,2931.107261,-1,-1
1.71E+12,3,0.966865604,1034.309985,2931.108864,-1,-1
1.71E+12,3,0.966663878,1034.525788,2931.110439,-1,-1
1.71E+12,3,0.966462007,1034.74182,2931.111979,-1,-1
1.71E+12,3,0.966260062,1034.958004,2931.113483,-1,-1
1.71E+12,3,0.966058113,1035.174268,2931.114945,-1,-1
1.71E+12,3,0.965856226,1035.390541,2931.116364,-1,-1
1.71E+12,3,0.965654464,1035.606755,2931.117734,-1,-1
1.71E+12,3,0.965452887,1035.822847,2931.119051,-1,-1
1.71E+12,3,0.965251553,1036.038756,2931.120313,-1,-1
1.71E+12,3,0.965050515,1036.254423,2931.121516,-1,-1
1.71E+12,3,0.964849826,1036.469792,2931.122656,-1,-1
1.71E+12,3,0.964649536,1036.684811,2931.123731,-1,-1
1.71E+12,3,0.964449692,1036.899428,2931.124736,-1,-1
1.71E+12,3,0.964250339,1037.113595,2931.125669,-1,-1
1.71E+12,3,0.96405152,1037.327266,2931.126527,-1,-1
1.71E+12,3,0.963853275,1037.540397,2931.127305,-1,-1
1.71E+12,3,0.963655643,1037.752946,2931.128001,-1,-1
1.71E+12,3,0.963458661,1037.964874,2931.128614,-1,-1
1.71E+12,3,0.963262363,1038.176143,2931.129139,-1,-1
1.71E+12,3,0.96306678,1038.386719,2931.129575,-1,-1
1.71E+12,3,0.962871942,1038.596571,2931.129918,-1,-1
1.71E+12,3,0.962677872,1038.805671,2931.130167,-1,-1
1.71E+12,3,0.962484593,1039.013995,2931.13032,-1,-1
1.71E+12,3,0.962292124,1039.221521,2931.130376,-1,-1
1.71E+12,3,0.962100485,1039.428228,2931.130332,-1,-1
1.71E+12,3,0.961909693,1039.634097,2931.130186,-1,-1
1.71E+12,3,0.961719764,1039.839109,2931.129938,-1,-1
1.71E+12,3,0.961530713,1040.043246,2931.129589,-1,-1
1.71E+12,3,0.961342556,1040.246493,2931.129136,-1,-1
1.71E+12,3,0.961155306,1040.448833,2931.128579,-1,-1
1.71E+12,3,0.960968975,1040.650251,2931.127919,-1,-1
1.71E+12,3,0.960783577,1040.850734,2931.127158,-1,-1
1.71E+12,3,0.960599122,1041.05027,2931.126296,-1,-1
1.71E+12,3,0.96041562,1041.248845,2931.125333,-1,-1
1.71E+12,3,0.960233079,1041.446451,2931.124271,-1,-1
1.71E+12,3,0.960051509,1041.643077,2931.123111,-1,-1
1.71E+12,3,0.959870916,1041.838715,2931.121856,-1,-1
1.71E+12,3,0.959691308,1042.033356,2931.120508,-1,-1
1.71E+12,3,0.959512688,1042.226995,2931.119069,-1,-1
1.71E+12,3,0.959335062,1042.419625,2931.117541,-1,-1
1.71E+12,3,0.959158434,1042.611243,2931.115929,-1,-1
1.71E+12,3,0.958982803,1042.801846,2931.114234,-1,-1
1.71E+12,3,0.95880817,1042.991435,2931.112459,-1,-1
1.71E+12,3,0.958634532,1043.180011,2931.110608,-1,-1
1.71E+12,3,0.958461886,1043.367577,2931.108686,-1,-1
1.71E+12,3,0.958290226,1043.55414,2931.106698,-1,-1
1.71E+12,3,0.958119543,1043.739708,2931.104648,-1,-1
1.71E+12,3,0.957949831,1043.924288,2931.102539,-1,-1
1.71E+12,3,0.95778108,1044.107888,2931.100377,-1,-1
1.71E+12,3,0.957613282,1044.290519,2931.098168,-1,-1
1.71E+12,3,0.957446428,1044.472189,2931.095916,-1,-1
1.71E+12,3,0.957280506,1044.65291,2931.093627,-1,-1
1.71E+12,3,0.957115506,1044.832693,2931.091307,-1,-1
1.71E+12,3,0.956951418,1045.011549,2931.088961,-1,-1
1.71E+12,3,0.956788239,1045.189479,2931.086594,-1,-1
1.71E+12,3,0.956625976,1045.366476,2931.084213,-1,-1
1.71E+12,3,0.95646464,1045.542527,2931.081822,-1,-1
1.71E+12,3,0.956304248,1045.717614,2931.07943,-1,-1
1.71E+12,3,0.95614482,1045.891715,2931.07704,-1,-1
1.71E+12,3,0.955986378,1046.064806,2931.07466,-1,-1
1.71E+12,3,0.955828947,1046.236861,2931.072295,-1,-1
1.71E+12,3,0.955672554,1046.407849,2931.069953,-1,-1
1.71E+12,3,0.955517229,1046.577738,2931.067638,-1,-1
1.71E+12,3,0.955363008,1046.74649,2931.065356,-1,-1
1.71E+12,3,0.955209928,1046.914063,2931.063113,-1,-1
1.71E+12,3,0.955058032,1047.080411,2931.060915,-1,-1
1.71E+12,3,0.954907369,1047.245483,2931.058766,-1,-1
1.71E+12,3,0.95475799,1047.409221,2931.056671,-1,-1
1.71E+12,3,0.954609952,1047.571564,2931.054635,-1,-1
1.71E+12,3,0.95446332,1047.732444,2931.05266,-1,-1
1.71E+12,3,0.954318162,1047.891784,2931.050752,-1,-1
1.71E+12,3,0.954174553,1048.049505,2931.048915,-1,-1
1.71E+12,3,0.954032574,1048.205518,2931.047153,-1,-1
1.71E+12,3,0.953892313,1048.35973,2931.045468,-1,-1
1.71E+12,3,0.953753861,1048.512039,2931.043863,-1,-1
1.71E+12,3,0.953617311,1048.662346,2931.042343,-1,-1
1.71E+12,3,0.953482753,1048.810554,2931.04091,-1,-1
1.71E+12,3,0.953350273,1048.956568,2931.039565,-1,-1
1.71E+12,3,0.953219958,1049.100297,2931.038312,-1,-1
1.71E+12,3,0.953091889,1049.241652,2931.037152,-1,-1
1.71E+12,3,0.952966151,1049.380545,2931.036086,-1,-1
1.71E+12,3,0.952842827,1049.516887,2931.035116,-1,-1
1.71E+12,3,0.952722001,1049.650591,2931.034241,-1,-1
1.71E+12,3,0.952603759,1049.781566,2931.033462,-1,-1
1.71E+12,3,0.952488187,1049.909721,2931.032778,-1,-1
1.71E+12,3,0.952375372,1050.034966,2931.032189,-1,-1
1.71E+12,3,0.952265402,1050.157211,2931.031693,-1,-1
1.71E+12,3,0.952158363,1050.276364,2931.031291,-1,-1
1.71E+12,3,0.952054342,1050.392337,2931.030979,-1,-1
1.71E+12,3,0.951953423,1050.505041,2931.030758,-1,-1
1.71E+12,3,0.951855693,1050.614388,2931.030625,-1,-1
1.71E+12,3,0.951761236,1050.720289,2931.030578,-1,-1
1.71E+12,3,0.951670136,1050.822658,2931.030614,-1,-1
1.71E+12,3,0.951582474,1050.921411,2931.030731,-1,-1
1.71E+12,3,0.951498329,1051.016469,2931.030927,-1,-1
1.71E+12,3,0.951417772,1051.107756,2931.031199,-1,-1
1.71E+12,3,0.951340869,1051.195208,2931.031544,-1,-1
1.71E+12,3,0.95126768,1051.278762,2931.031957,-1,-1
1.71E+12,3,0.951198258,1051.358366,2931.032436,-1,-1
1.71E+12,3,0.951132648,1051.433978,2931.032979,-1,-1
1.71E+12,3,0.951070883,1051.505564,2931.03358,-1,-1
1.71E+12,3,0.951012992,1051.573101,2931.034237,-1,-1
1.71E+12,3,0.950958997,1051.636568,2931.034944,-1,-1
1.71E+12,3,0.950908917,1051.69595,2931.035698,-1,-1
1.71E+12,3,0.950862768,1051.751234,2931.036495,-1,-1
1.71E+12,3,0.950820556,1051.80242,2931.037332,-1,-1
1.71E+12,3,0.950782279,1051.849515,2931.038205,-1,-1
1.71E+12,3,0.950747923,1051.892539,2931.039111,-1,-1
1.71E+12,3,0.950717463,1051.931526,2931.040046,-1,-1
1.71E+12,3,0.950690863,1051.966519,2931.041006,-1,-1
1.71E+12,3,0.950668076,1051.997575,2931.041987,-1,-1
1.71E+12,3,0.950649043,1052.024763,2931.042985,-1,-1
1.71E+12,3,0.950633694,1052.048164,2931.043996,-1,-1
1.71E+12,3,0.950621946,1052.067873,2931.045019,-1,-1
1.71E+12,3,0.950613707,1052.083995,2931.046049,-1,-1
1.71E+12,3,0.950608873,1052.096646,2931.047085,-1,-1
1.71E+12,3,0.950607328,1052.105957,2931.048122,-1,-1
1.71E+12,3,0.950608943,1052.112071,2931.049158,-1,-1
1.71E+12,3,0.950613576,1052.115147,2931.05019,-1,-1
1.71E+12,3,0.950621067,1052.115358,2931.051216,-1,-1
1.71E+12,3,0.95063125,1052.112889,2931.052236,-1,-1
1.71E+12,3,0.950643945,1052.107936,2931.053248,-1,-1
1.71E+12,3,0.950658967,1052.100702,2931.054248,-1,-1
1.71E+12,3,0.950676118,1052.0914,2931.055238,-1,-1
1.71E+12,3,0.9506952,1052.080247,2931.056214,-1,-1
1.71E+12,3,0.950716005,1052.067467,2931.057175,-1,-1
1.71E+12,3,0.950738323,1052.053287,2931.05812,-1,-1
1.71E+12,3,0.95076194,1052.037937,2931.05905,-1,-1
1.71E+12,3,0.95078664,1052.021648,2931.059966,-1,-1
1.71E+12,3,0.950812205,1052.004651,2931.060867,-1,-1
1.71E+12,3,0.95083842,1051.987178,2931.061754,-1,-1
1.71E+12,3,0.950865069,1051.969457,2931.062624,-1,-1